person_count,tool_count,normal_object_count,mask_detected,unusual_posture,reaching_motion,night_scene,edge_proximity,drawer_proximity,movement_detected,mean_magnitude,direction_changes,suspicious_movement,image_brightness,image_contrast,person_with_tool,is_theft
0.0,0.0,2.0,0.0,0.0,0.0,0.0,0.0,0.0,0.7080725777960455,0.020584494295802447,0.9699098521619943,0.0,88.18881436740351,0.18182496720710062,0.0,0.0
0.0,0.0,1.0,0.0,0.0,0.0,0.0,0.0,0.0,0.7851759613930136,0.19967378215835974,0.5142344384136116,0.0,91.74697632244037,0.6075448519014384,0.0,0.0
1.0,0.0,2.0,0.0,0.0,0.0,0.0,0.0,0.0,0.4951769101112702,0.034388521115218396,0.9093204020787821,0.0,213.5537241154057,0.31171107608941095,0.0,0.0
2.0,0.0,2.0,0.0,1.0,0.0,0.0,0.0,0.0,0.1959828624191452,0.045227288910538066,0.32533033076326434,0.0,77.45579554805506,0.8287375091519293,0.0,0.0
1.0,1.0,2.0,0.0,1.0,0.0,0.0,0.0,0.0,0.8154614284548342,0.7068573438476171,0.7290071680409873,1.0,242.06108612359571,0.3584657285442726,0.0,0.0
1.0,1.0,4.0,0.0,0.0,0.0,0.0,0.0,1.0,0.4722149251619493,0.1195942459383017,0.713244787222995,0.0,141.8563389865526,0.770967179954561,0.0,0.0
1.0,0.0,1.0,0.0,0.0,0.0,0.0,0.0,0.0,0.24929222914887494,0.41038292303562973,0.7555511385430487,0.0,124.6027568655996,0.289751452913768,0.0,0.0
3.0,0.0,0.0,0.0,0.0,0.0,0.0,0.0,1.0,0.8960912999234932,0.3180034749718639,0.11005192452767676,0.0,143.8120176693833,0.8180147659224931,0.0,0.0
2.0,0.0,1.0,0.0,0.0,0.0,0.0,1.0,0.0,0.7030189588951778,0.363629602379294,0.9717820827209607,0.0,246.49638746259762,0.49724850589238545,0.0,0.0
0.0,1.0,2.0,0.0,0.0,0.0,0.0,0.0,0.0,0.489452760277563,0.9856504541106007,0.2420552715115004,0.0,70.3203498034276,0.23763754399239967,0.0,0.0
0.0,0.0,0.0,1.0,0.0,1.0,0.0,0.0,0.0,0.5908929431882418,0.6775643618422824,0.016587828927856152,0.0,63.97910405318054,0.6451727904094499,0.0,0.0
1.0,0.0,1.0,0.0,0.0,1.0,0.0,0.0,0.0,0.659984046034179,0.8172222002012158,0.5552008115994623,1.0,82.25669017140396,0.09310276780589921,0.0,0.0
1.0,0.0,0.0,0.0,0.0,0.0,0.0,0.0,0.0,0.08413996499504883,0.16162871409461377,0.8985541885270792,0.0,121.60715734822804,0.1014715428660321,0.0,0.0
1.0,0.0,2.0,0.0,0.0,0.0,0.0,0.0,1.0,0.7464914051180241,0.6496328990472147,0.8492234104941779,0.0,33.711443759371335,0.09367476782809248,0.0,0.0
0.0,0.0,2.0,0.0,0.0,0.0,0.0,1.0,0.0,0.4925176938188639,0.1952429877980445,0.7224521152615053,0.0,121.1169619659304,0.6454722959071678,0.0,0.0
2.0,0.0,3.0,0.0,0.0,0.0,0.0,0.0,0.0,0.8530094554673601,0.2944488920695857,0.38509772860192526,0.0,204.6773566706836,0.1694927466860925,0.0,0.0
1.0,0.0,0.0,0.0,0.0,1.0,0.0,0.0,0.0,0.7407686177542044,0.697015740995268,0.7024840839871093,0.0,127.57036953123888,0.8093611554785136,0.0,0.0
1.0,0.0,5.0,0.0,0.0,0.0,1.0,0.0,0.0,0.3379951568515358,0.375582952639944,0.093981939840869,0.0,105.36572705123615,0.46559801813246016,0.0,0.0
1.0,0.0,5.0,0.0,0.0,0.0,0.0,0.0,0.0,0.21582102749684318,0.6228904758190003,0.085347464993768,0.0,89.09197756581864,0.5406351216101065,0.0,0.0
0.0,0.0,1.0,0.0,0.0,0.0,0.0,0.0,0.0,0.9626484146779251,0.8359801205122058,0.695974206093698,0.0,164.9255852275782,0.15643704267108605,0.0,0.0
0.0,0.0,4.0,1.0,0.0,0.0,0.0,0.0,0.0,0.24773098950115746,0.3559726786512616,0.7578461104643691,0.0,78.70836133809762,0.04600264202175275,0.0,0.0
2.0,0.0,2.0,0.0,0.0,0.0,1.0,0.0,0.0,0.6158500980522165,0.6350936508676438,0.04530400977204452,0.0,212.3197960299624,0.5031362585800877,0.0,0.0
0.0,0.0,3.0,0.0,0.0,0.0,0.0,0.0,0.0,0.6432882184423532,0.45825289049151663,0.5456167893159349,0.0,216.66798738571785,0.9611905638239142,0.0,0.0
0.0,0.0,2.0,0.0,1.0,0.0,1.0,0.0,0.0,0.023271935735825866,0.8144684825889358,0.28185477477339993,1.0,132.83753993308937,0.628942846779884,0.0,0.0
2.0,0.0,3.0,0.0,0.0,0.0,0.0,0.0,1.0,0.7764129607419968,0.34080354025301784,0.9307573256035647,0.0,119.42424559616775,0.7508710677914974,0.0,0.0
1.0,1.0,2.0,0.0,0.0,0.0,0.0,0.0,0.0,0.09128667678613356,0.31931363759041487,0.9500619670508049,0.0,171.53299041207796,0.6318372121697993,0.0,0.0
2.0,0.0,2.0,0.0,0.0,0.0,0.0,0.0,0.0,0.5495288823237355,0.441530501373377,0.8877041827582998,0.0,174.73992511136626,0.14299168205283586,0.0,0.0
0.0,0.0,2.0,0.0,0.0,0.0,0.0,0.0,0.0,0.9866395785011755,0.3742707957561203,0.3706421470668909,0.0,79.70041344702923,0.9860010638228709,0.0,0.0
1.0,0.0,2.0,0.0,0.0,0.0,0.0,0.0,0.0,0.46866064199412627,0.05630327568183735,0.11881791626807192,0.0,93.6722433431649,0.7460448792654233,0.0,0.0
0.0,1.0,0.0,0.0,1.0,0.0,0.0,1.0,0.0,0.8911431136980711,0.5277011090862999,0.9929647961193003,0.0,53.88262826583522,0.969302535619099,0.0,0.0
5.0,0.0,4.0,0.0,0.0,1.0,0.0,1.0,0.0,0.8902637838909163,0.45565675278571294,0.6201325978015367,0.0,140.45324691670285,0.46369840493998216,0.0,0.0
0.0,0.0,4.0,0.0,0.0,1.0,0.0,0.0,0.0,0.1626169393448913,0.9109271844938425,0.822537242923169,0.0,153.33139417284454,0.6134151959357899,0.0,0.0
0.0,0.0,1.0,0.0,1.0,1.0,0.0,0.0,0.0,0.3808908566310215,0.9699143978146032,0.8421189231357087,0.0,52.50371810693635,0.4148195023376652,0.0,0.0
1.0,0.0,3.0,0.0,0.0,0.0,0.0,0.0,0.0,0.24734810174319766,0.4505441353100935,0.12915941515149498,0.0,97.24005475919205,0.22864280550346272,0.0,0.0
0.0,0.0,0.0,0.0,0.0,0.0,0.0,0.0,0.0,0.5609379715353863,0.876653602658345,0.40348286621239704,0.0,52.63730412093254,0.755137255673619,0.0,0.0
2.0,0.0,2.0,0.0,0.0,0.0,0.0,0.0,0.0,0.34825546702330035,0.5139894891598108,0.7836530127411431,0.0,75.06000948780812,0.8623637087467452,0.0,0.0
0.0,0.0,0.0,0.0,0.0,0.0,0.0,0.0,0.0,0.24014561877819307,0.07586332810866392,0.12887972191064923,0.0,147.55085301131498,0.13882717264941014,0.0,0.0
0.0,0.0,3.0,0.0,0.0,1.0,0.0,0.0,0.0,0.2785903390319586,0.17701048427674682,0.08870253375705561,0.0,83.32589666608604,0.2063337184057925,0.0,0.0
0.0,0.0,2.0,0.0,0.0,0.0,0.0,1.0,0.0,0.2768776481472037,0.8062012797930613,0.7482596903836584,0.0,104.95870219838507,0.370472102791382,0.0,0.0
0.0,0.0,1.0,0.0,0.0,0.0,0.0,0.0,1.0,0.5321134852653157,0.10717201133977605,0.44741236682345464,1.0,38.634413602634226,0.26924323094938096,0.0,0.0
2.0,0.0,0.0,0.0,0.0,1.0,0.0,0.0,0.0,0.4984421989290573,0.08692028808742369,0.5371065418185478,0.0,129.3495104862332,0.4316595462296794,0.0,0.0
0.0,0.0,0.0,0.0,0.0,0.0,0.0,0.0,0.0,0.15285913918433203,0.24595772838450813,0.16068137325955567,0.0,117.78633400776756,0.17337359529475482,0.0,0.0
1.0,0.0,4.0,0.0,0.0,0.0,0.0,0.0,0.0,0.25790282704493983,0.17088758739006582,0.668643219924431,0.0,83.55203749834189,0.5716126894698998,0.0,0.0
2.0,0.0,2.0,0.0,0.0,0.0,0.0,0.0,0.0,0.5812382214226123,0.1543627152742023,0.4811401018548175,0.0,110.54928511587629,0.3366042781939206,0.0,0.0
0.0,0.0,2.0,0.0,0.0,0.0,0.0,0.0,1.0,0.41184091414726853,0.3488682665429953,0.9295291442478258,0.0,129.0147440251722,0.12429722348554473,0.0,0.0
1.0,0.0,3.0,0.0,0.0,0.0,0.0,0.0,0.0,0.1636559428657045,0.16426579793099294,0.8145747202313821,0.0,79.2565925545328,0.3588304841235025,0.0,0.0
1.0,1.0,5.0,0.0,1.0,0.0,0.0,0.0,0.0,0.8995745732745685,0.3838912213732114,0.5435528611139886,1.0,46.18687279991103,0.11689804070836407,0.0,0.0
1.0,0.0,3.0,0.0,0.0,0.0,0.0,0.0,0.0,0.31172206779554823,0.24848913981446574,0.743946292572677,0.0,210.27872163434077,0.7624586857406905,0.0,0.0
0.0,0.0,0.0,1.0,0.0,0.0,0.0,0.0,0.0,0.7222525683930663,0.7200365365460744,0.6411476328852973,0.0,88.33636476448638,0.25179905890695276,0.0,0.0
1.0,0.0,0.0,0.0,0.0,0.0,0.0,0.0,1.0,0.6114542354346478,0.01811018382084051,0.8721239089441515,0.0,115.16199484065554,0.6966508238768923,0.0,0.0
1.0,0.0,2.0,0.0,0.0,0.0,0.0,0.0,0.0,0.11323804584075525,0.9848411989623346,0.8388980864459341,0.0,170.54198675101568,0.8698963620621283,0.0,0.0
0.0,0.0,2.0,0.0,0.0,0.0,0.0,0.0,0.0,0.9198556164127605,0.34634599436596125,0.3469532018962277,0.0,296.4527593785242,0.22460482293998196,0.0,0.0
0.0,0.0,2.0,0.0,0.0,0.0,0.0,0.0,0.0,0.6635373720167106,0.17803596686975143,0.9610703174694551,0.0,57.775677505556715,0.08534966807864386,0.0,0.0
0.0,0.0,3.0,0.0,0.0,1.0,0.0,0.0,0.0,0.47206694510999925,0.5648411332626164,0.06570863942835237,0.0,142.4913606863255,0.52439026932758,0.0,0.0
1.0,0.0,0.0,0.0,0.0,0.0,0.0,0.0,0.0,0.4087341710980964,0.02538635566034486,0.15615259736619036,0.0,84.62238573529469,0.02709599250348349,0.0,0.0
1.0,0.0,0.0,0.0,0.0,0.0,1.0,0.0,0.0,0.24317219099945409,0.7222669318556592,0.8556964681062857,0.0,93.06048477116445,0.6680851365706462,0.0,0.0
0.0,0.0,3.0,0.0,0.0,0.0,0.0,0.0,1.0,0.8926717110769748,0.8174435617384409,0.34181735169787597,0.0,83.98939894966051,0.5902949425148077,0.0,0.0
1.0,0.0,2.0,0.0,0.0,0.0,0.0,0.0,0.0,0.48743119824951364,0.8945522268940914,0.7998552559473152,0.0,63.71725160997075,0.2686773593849461,0.0,0.0
1.0,0.0,3.0,0.0,0.0,0.0,0.0,0.0,0.0,0.914298806560499,0.11775108289014113,0.5765164755142536,0.0,117.93543191076692,0.6514203883518642,0.0,0.0
2.0,0.0,1.0,0.0,0.0,0.0,0.0,0.0,1.0,0.9144119459249598,0.4187705248920731,0.38313852824949746,0.0,46.274865647588214,0.1662833687560794,0.0,0.0
1.0,0.0,3.0,0.0,0.0,0.0,0.0,0.0,0.0,0.47605040219909966,0.6636711653626481,0.936829739324758,0.0,167.34037832559352,0.031183135061284672,0.0,0.0
0.0,1.0,3.0,0.0,0.0,0.0,0.0,0.0,0.0,0.49549131620619846,0.688402396427736,0.4348273386037462,0.0,122.75014680166873,0.7994158789689793,0.0,0.0
0.0,1.0,1.0,0.0,0.0,0.0,1.0,0.0,0.0,0.5419009473783581,0.8729458358764083,0.7322248864095612,0.0,141.121748645072,0.6922765645178525,0.0,0.0
1.0,0.0,3.0,0.0,0.0,1.0,0.0,0.0,0.0,0.5679452305526295,0.9154882975880418,0.03394597858579884,0.0,96.69056940268885,0.9243961953765304,0.0,0.0
1.0,0.0,4.0,0.0,0.0,0.0,0.0,0.0,0.0,0.12056688577727881,0.07695320162920916,0.6962887758781398,0.0,101.63980328941258,0.06535634079894237,0.0,0.0
0.0,0.0,2.0,0.0,0.0,1.0,0.0,0.0,1.0,0.021269410850387138,0.8747016726841994,0.528937134027212,0.0,134.37819525836642,0.9979341105333375,0.0,0.0
4.0,0.0,1.0,0.0,0.0,0.0,0.0,0.0,0.0,0.7375823015888915,0.23877714576830233,0.11047411313139466,0.0,61.797468379708725,0.2963081204559901,0.0,0.0
0.0,0.0,4.0,0.0,0.0,0.0,0.0,0.0,0.0,0.08941100231225951,0.41758077578492836,0.8791183075621647,0.0,102.1004782793332,0.6134113892107077,0.0,0.0
1.0,0.0,1.0,0.0,0.0,0.0,0.0,0.0,0.0,0.18643826214425452,0.7795844735667533,0.3501252591667301,0.0,77.0193243060773,0.8837858849634257,0.0,0.0
2.0,0.0,1.0,0.0,0.0,0.0,0.0,0.0,0.0,0.5369744228934136,0.5929399348417032,0.5800862078378112,0.0,75.47155947044928,0.26560004258870606,0.0,0.0
0.0,0.0,3.0,0.0,0.0,0.0,0.0,0.0,0.0,0.2597537837603262,0.7234201136885849,0.4958757350787708,1.0,14.50808796871793,0.6832587636595959,0.0,0.0
2.0,0.0,1.0,0.0,1.0,0.0,0.0,0.0,0.0,0.878629986355158,0.7974260216069281,0.6584518346584255,0.0,186.966329474,0.7083629767150348,0.0,0.0
0.0,0.0,4.0,0.0,0.0,0.0,0.0,0.0,1.0,0.1288698674734452,0.3351188542591419,0.7435082562916078,1.0,85.67306234231155,0.8321341779577419,0.0,0.0
3.0,0.0,3.0,0.0,0.0,0.0,0.0,0.0,0.0,0.10698063882695841,0.761027902502028,0.5412665786761103,0.0,178.1688027581775,0.6326218931339481,0.0,0.0
0.0,0.0,0.0,0.0,1.0,0.0,0.0,0.0,0.0,0.6209155177674771,0.04574203381251285,0.8715368061523763,0.0,173.43961606971462,0.7496518317429247,0.0,0.0
2.0,0.0,2.0,0.0,0.0,0.0,0.0,0.0,0.0,0.9971245001577111,0.42618130223597295,0.4513870243296755,0.0,55.70001467417532,0.6936822257814886,0.0,0.0
3.0,0.0,3.0,0.0,0.0,0.0,0.0,0.0,0.0,0.6385259476640855,0.3975943979627943,0.27421520234867003,1.0,65.57943821635772,0.8940992036791344,0.0,0.0
2.0,0.0,2.0,0.0,0.0,0.0,0.0,1.0,0.0,0.7765968527917417,0.770921844644052,0.8447832281168877,0.0,248.0251479677842,0.13124487768238757,0.0,0.0
0.0,0.0,1.0,0.0,0.0,0.0,1.0,0.0,0.0,0.4915945467414369,0.06420893707513409,0.5819714019143988,0.0,207.5462970963572,0.31036195892357377,0.0,0.0
1.0,0.0,4.0,0.0,0.0,0.0,0.0,0.0,0.0,0.039618825348357145,0.48050694725782894,0.10493017841817487,0.0,118.42407433359479,0.14249554290151323,0.0,0.0
1.0,0.0,1.0,0.0,0.0,0.0,0.0,0.0,0.0,0.07857849715502074,0.39692327620159606,0.13271575404306035,0.0,132.86865532086748,0.8005866991090829,0.0,0.0
0.0,0.0,1.0,0.0,0.0,0.0,0.0,0.0,0.0,0.8709691237460856,0.7140869321324278,0.8017280830697918,0.0,88.45767985264057,0.08011484638467514,0.0,0.0
1.0,0.0,0.0,0.0,0.0,0.0,0.0,0.0,0.0,0.15954468011318834,0.8717835665922017,0.21921398735804432,0.0,141.617635710017,0.18211791568869928,0.0,0.0
2.0,0.0,3.0,0.0,0.0,1.0,0.0,0.0,0.0,0.6802282424312913,0.07219840897917584,0.030652502205806065,0.0,84.14090496387644,0.8682725054083805,0.0,0.0
0.0,0.0,0.0,0.0,0.0,0.0,0.0,1.0,0.0,0.7252576604151365,0.48666894142470285,0.8734232380816606,0.0,18.382311785080773,0.2768277972350516,0.0,0.0
1.0,0.0,2.0,0.0,0.0,0.0,0.0,0.0,0.0,0.23754332492387764,0.9713950940416396,0.18097695270948977,0.0,53.922210674447456,0.24723107440317704,0.0,0.0
0.0,0.0,1.0,0.0,0.0,0.0,0.0,0.0,0.0,0.3251900642246949,0.7734731256866006,0.13087366071834983,0.0,121.05463739252936,0.23605046334646396,0.0,0.0
3.0,0.0,1.0,0.0,0.0,0.0,0.0,0.0,0.0,0.16761921628831766,0.03667142693354297,0.7364020150656405,0.0,63.44663822487062,0.8441704489691971,0.0,0.0
2.0,1.0,2.0,0.0,0.0,0.0,0.0,0.0,0.0,0.1221099140100268,0.4521990282834353,0.9338750175279049,0.0,116.63612675432327,0.0415728590503921,0.0,0.0
1.0,0.0,4.0,0.0,0.0,0.0,0.0,0.0,0.0,0.6668642575461043,0.1396512547563129,0.029973589872677953,0.0,66.26694802835685,0.20185345212294836,0.0,0.0
1.0,0.0,4.0,0.0,0.0,0.0,1.0,0.0,0.0,0.6832480282896458,0.4971747640084273,0.6178472402012138,0.0,80.88230387490032,0.03038705969683686,0.0,0.0
0.0,0.0,3.0,0.0,0.0,0.0,0.0,0.0,0.0,0.04821203886055603,0.9771741842213173,0.4069079607228706,1.0,162.65826532065958,0.5670162609866678,0.0,0.0
0.0,0.0,4.0,0.0,0.0,0.0,0.0,0.0,0.0,0.12020905537060844,0.5444890979608495,0.0057586604981215705,0.0,132.37402738200524,0.3961726916092554,0.0,0.0
0.0,0.0,1.0,0.0,0.0,0.0,0.0,0.0,0.0,0.46349404380057235,0.3797857801792298,0.8633336495718252,0.0,119.51677893433263,0.025642065806435688,0.0,0.0
1.0,0.0,2.0,0.0,1.0,0.0,0.0,0.0,0.0,0.01823258267636163,0.1957779856835461,0.00756287497814212,0.0,163.94819865353256,0.24348229657629927,0.0,0.0
2.0,0.0,1.0,0.0,0.0,0.0,0.0,0.0,1.0,0.5391612766752545,0.31130769915600365,0.6103337833109184,0.0,144.03042966736737,0.4135491015253515,0.0,0.0
0.0,0.0,1.0,0.0,0.0,0.0,0.0,0.0,0.0,0.4835456467199247,0.8059925497751581,0.5502265421562618,0.0,192.32816456256836,0.951403342206657,0.0,0.0
2.0,0.0,4.0,0.0,0.0,0.0,0.0,0.0,0.0,0.23687055897448206,0.7805255152438618,0.2748060355481361,0.0,97.00703688424299,0.6675498992914705,0.0,0.0
3.0,0.0,2.0,0.0,0.0,0.0,0.0,0.0,0.0,0.641971500443266,0.6070940360887808,0.54669741271407,0.0,98.51825107362457,0.594476335186173,0.0,0.0
1.0,0.0,0.0,0.0,0.0,0.0,0.0,0.0,1.0,0.10410964938416634,0.7243388171287412,0.5783869170064091,0.0,54.94453668043273,0.08565824959643054,0.0,0.0
1.0,0.0,3.0,0.0,0.0,1.0,0.0,0.0,0.0,0.5400119146045106,0.8800790875614583,0.6508773690471942,0.0,98.55096413137902,0.33300191305819793,0.0,0.0
0.0,0.0,1.0,0.0,0.0,0.0,0.0,0.0,0.0,0.6900048908206657,0.20093368865905648,0.5358276844730813,0.0,168.23849471512227,0.7561633288952461,0.0,0.0
2.0,0.0,2.0,0.0,1.0,0.0,0.0,0.0,0.0,0.8420332943764213,0.5209579772720422,0.6235856880027597,0.0,184.9993686131067,0.12771348363523483,0.0,0.0
2.0,0.0,2.0,0.0,0.0,0.0,0.0,0.0,0.0,0.30552431065802355,0.3969815170742834,0.44720254050483565,0.0,168.0152584043334,0.9193919732144173,0.0,0.0
1.0,0.0,0.0,0.0,0.0,0.0,0.0,0.0,0.0,0.8059254001176211,0.7900304363070614,0.3046791390980408,0.0,30.290406672528178,0.17352451498650867,0.0,0.0
2.0,0.0,2.0,0.0,0.0,0.0,0.0,0.0,0.0,0.7648098009029954,0.17483862726041255,0.5025660764634424,0.0,174.1572606330367,0.36753442229153144,0.0,0.0
1.0,0.0,5.0,0.0,1.0,0.0,0.0,0.0,0.0,0.10566468426174391,0.6408263146902062,0.2160381825095996,0.0,28.074068836396464,0.1520248531286481,0.0,0.0
2.0,0.0,2.0,0.0,0.0,1.0,1.0,0.0,0.0,0.1213849394224289,0.30327514756759555,0.10104581101064669,1.0,164.90586620611737,0.5094221281497897,0.0,0.0
0.0,0.0,3.0,0.0,0.0,0.0,0.0,0.0,0.0,0.19462251182076507,0.3677593508772896,0.41412975252892703,1.0,101.61077367144725,0.7693048936413398,0.0,0.0
0.0,0.0,0.0,0.0,1.0,0.0,0.0,0.0,0.0,0.24120145759954148,0.9758737549100538,0.8015371118829896,0.0,155.12666569669278,0.1097361986775035,0.0,0.0
0.0,0.0,2.0,0.0,0.0,0.0,1.0,0.0,0.0,0.3944762785700353,0.45944676840598664,0.7850165438370569,0.0,53.3775826052717,0.7869033862552951,0.0,0.0
0.0,0.0,1.0,0.0,0.0,0.0,0.0,0.0,0.0,0.8951177407065364,0.6366696821672073,0.6139335847600618,0.0,178.55838163530734,0.15016900081704165,0.0,0.0
2.0,0.0,3.0,0.0,0.0,0.0,0.0,0.0,0.0,0.737508359459007,0.35325140850206416,0.2965355812876552,0.0,46.75126269475555,0.6613706110704144,0.0,0.0
2.0,0.0,2.0,0.0,0.0,0.0,0.0,0.0,0.0,0.7692231478381336,0.6246635688542638,0.3819396396528959,0.0,86.57725445734113,0.6150129680388666,0.0,0.0
2.0,0.0,1.0,0.0,0.0,0.0,0.0,0.0,1.0,0.7480731794295321,0.8117697880901376,0.6564786073315027,0.0,70.09526861154824,0.9280836403260497,0.0,0.0
0.0,0.0,2.0,0.0,0.0,0.0,1.0,0.0,0.0,0.645810812655206,0.28590678923916013,0.8159469389686173,1.0,32.285757358875045,0.9189265336395545,0.0,0.0
1.0,0.0,1.0,0.0,0.0,0.0,0.0,0.0,0.0,0.9373880664971189,0.04317373579701167,0.16481481572943713,0.0,124.72637837942342,0.8177853298569451,0.0,0.0
0.0,0.0,2.0,0.0,0.0,1.0,0.0,1.0,0.0,0.8733229158608077,0.6362913539792481,0.761121537043158,0.0,210.30445589184808,0.009331619827093296,0.0,0.0
1.0,0.0,5.0,1.0,0.0,0.0,0.0,0.0,0.0,0.18802473461541613,0.3553845686857394,0.7837917844853972,0.0,253.34526111600044,0.7609907600280938,0.0,0.0
1.0,0.0,3.0,0.0,0.0,0.0,0.0,0.0,0.0,0.36830953050684834,0.44861063095454257,0.722070938202737,0.0,124.85778935431239,0.39152569817782934,0.0,0.0
1.0,0.0,4.0,0.0,0.0,0.0,0.0,0.0,0.0,0.06485359448296835,0.5799837874281313,0.5614845879595237,0.0,175.8340637533761,0.6764679372263622,0.0,0.0
4.0,0.0,2.0,1.0,0.0,0.0,0.0,0.0,0.0,0.5172690564416094,0.44019899795549056,0.14745252670628395,0.0,131.60473189642687,0.08860042967961723,0.0,0.0
0.0,0.0,2.0,0.0,0.0,1.0,0.0,0.0,0.0,0.40990488969628824,0.8398022856356172,0.383832951933044,0.0,144.94415973841063,0.18447625313363936,0.0,0.0
2.0,0.0,0.0,0.0,0.0,0.0,0.0,0.0,0.0,0.4296568127389351,0.8727302504846018,0.8419335667918086,0.0,102.89256744363806,0.45818688673789265,0.0,0.0
1.0,0.0,2.0,0.0,0.0,0.0,1.0,0.0,0.0,0.13535408227768553,0.7513750860290457,0.6569551562671395,0.0,129.7538462711301,0.05705472115125432,0.0,0.0
0.0,0.0,1.0,0.0,0.0,0.0,0.0,0.0,0.0,0.4875711936733843,0.03361360018328263,0.06265320345535452,0.0,146.87393523032142,0.5324206822752171,0.0,0.0
1.0,0.0,1.0,0.0,0.0,0.0,0.0,0.0,0.0,0.26015779096205116,0.7308209649807298,0.9812970904972467,0.0,91.07701355618343,0.19809763275974013,0.0,0.0
1.0,0.0,2.0,0.0,0.0,1.0,0.0,0.0,0.0,0.5612227882825249,0.5233909113743664,0.11476887186921747,0.0,116.1252850053506,0.06766836190000158,0.0,0.0
0.0,0.0,3.0,0.0,0.0,0.0,0.0,0.0,0.0,0.4117655415845085,0.6509734671509542,0.5454318694069055,1.0,117.07849405012558,0.8064036172328395,0.0,0.0
1.0,0.0,1.0,0.0,0.0,0.0,0.0,0.0,0.0,0.8778300781520408,0.8795818549515292,0.8705784250460069,0.0,161.32016586652622,0.9849896561408751,0.0,0.0
1.0,0.0,2.0,0.0,0.0,0.0,1.0,0.0,0.0,0.38042000750756233,0.7756118509253275,0.9644766539008116,0.0,66.69839141861597,0.28713795808457554,0.0,0.0
1.0,0.0,1.0,0.0,0.0,1.0,0.0,0.0,0.0,0.31676167706752667,0.857179256998753,0.9061432547657664,0.0,117.42288956961742,0.14071152804875842,0.0,0.0
3.0,0.0,2.0,0.0,0.0,0.0,0.0,0.0,0.0,0.5052067735766382,0.9671266152591704,0.4177609792750997,0.0,215.6002734526349,0.6346712732539415,0.0,0.0
1.0,0.0,1.0,0.0,0.0,0.0,0.0,0.0,0.0,0.7314964903403623,0.18741194409758222,0.858177053157164,0.0,178.20300762929688,0.7102427986233115,0.0,0.0
1.0,0.0,1.0,0.0,1.0,0.0,0.0,0.0,0.0,0.8259782127080818,0.10063747852353333,0.23987411275594472,0.0,187.45895244443525,0.45035097890541265,0.0,0.0
1.0,0.0,3.0,0.0,0.0,0.0,0.0,0.0,0.0,0.325104015431699,0.6863271966860974,0.06964114816240574,0.0,121.22159200890171,0.2271795570235149,0.0,0.0
2.0,0.0,3.0,0.0,0.0,0.0,0.0,1.0,0.0,0.9383048184484827,0.871204482263052,0.7660647765353026,0.0,136.04987818430115,0.260286857566003,0.0,0.0
0.0,0.0,1.0,0.0,0.0,0.0,0.0,0.0,0.0,0.11072059332631567,0.4225484283119446,0.04202467517140529,0.0,170.11180833514626,0.28003732955048943,0.0,0.0
2.0,0.0,0.0,0.0,0.0,0.0,0.0,0.0,0.0,0.28152119841492995,0.872753839566128,0.11258039041193701,0.0,198.01277647654655,0.09653447019544081,0.0,0.0
0.0,0.0,3.0,0.0,1.0,0.0,0.0,0.0,0.0,0.8522638743911815,0.6678046832264065,0.5932215701073843,0.0,22.419854355855662,0.07896916219082861,0.0,0.0
1.0,0.0,3.0,1.0,0.0,0.0,1.0,0.0,0.0,0.11493299705956683,0.0938572848233562,0.9096268194365924,0.0,54.22793464750772,0.8789789002822673,0.0,0.0
0.0,0.0,3.0,0.0,0.0,0.0,0.0,0.0,0.0,0.6313075530919887,0.5916971623063255,0.7026337730855163,0.0,185.4722050701324,0.10422480280834767,0.0,0.0
0.0,0.0,0.0,0.0,0.0,0.0,0.0,0.0,0.0,0.3618530932051387,0.47249335500651357,0.045648745502383736,0.0,106.15553221155982,0.9715326909010507,0.0,0.0
1.0,0.0,0.0,0.0,0.0,0.0,0.0,0.0,0.0,0.03672136250082114,0.10802575413069138,0.3388606493387516,0.0,86.41396053709613,0.5126677259564164,0.0,0.0
0.0,0.0,0.0,1.0,0.0,1.0,0.0,0.0,0.0,0.7022587660316643,0.9928168389990704,0.13148911989798162,0.0,57.29195065021981,0.42182817853883137,0.0,0.0
2.0,0.0,4.0,0.0,0.0,0.0,1.0,0.0,0.0,0.051135381442100725,0.25760722033372185,0.059524700347771686,0.0,92.24916492279453,0.11448763806590512,0.0,0.0
1.0,0.0,1.0,0.0,0.0,0.0,0.0,0.0,0.0,0.668572646722914,0.6786699566725648,0.36191999083786497,0.0,49.881535828808765,0.6360960464095422,0.0,0.0
0.0,0.0,3.0,0.0,0.0,0.0,0.0,0.0,0.0,0.422034260127639,0.29504070765415624,0.486000493797603,0.0,224.55471363662386,0.12300329512374564,0.0,0.0
0.0,0.0,0.0,1.0,0.0,0.0,0.0,0.0,0.0,0.7889851599207933,0.4464195164015822,0.7983803405183525,0.0,118.87819740097133,0.9166352358412073,0.0,0.0
1.0,0.0,0.0,0.0,0.0,0.0,0.0,0.0,0.0,0.14259414408190874,0.8900970351838083,0.3458774607378574,0.0,117.10247291186413,0.6458223862864843,0.0,0.0
0.0,0.0,4.0,0.0,0.0,0.0,0.0,0.0,0.0,0.45400162119611487,0.688274235780237,0.14055296757836078,0.0,149.40383375839158,0.50545511791045,0.0,0.0
2.0,0.0,1.0,1.0,0.0,0.0,0.0,0.0,0.0,0.9000831830164807,0.11613896020052561,0.9559188289553192,0.0,168.11725846332848,0.6029428764794615,0.0,0.0
1.0,0.0,2.0,0.0,0.0,1.0,0.0,0.0,0.0,0.541704812410004,0.76190181260487,0.8336499619375856,0.0,167.29440782773196,0.25933489731709447,0.0,0.0
1.0,0.0,4.0,0.0,0.0,0.0,0.0,0.0,0.0,0.6262343214210638,0.4888978317924514,0.40177880065432425,0.0,173.68109719537858,0.6234059581594401,0.0,0.0
1.0,0.0,1.0,0.0,0.0,0.0,0.0,1.0,0.0,0.7221432354559059,0.5333866287653626,0.869969159647685,0.0,88.45772246045718,0.1248208139668483,0.0,0.0
0.0,0.0,0.0,0.0,0.0,0.0,0.0,0.0,0.0,0.37532990791960186,0.2857835555258702,0.20322309108608727,0.0,105.10665975215694,0.5112754622007512,0.0,0.0
0.0,0.0,1.0,0.0,1.0,0.0,0.0,0.0,0.0,0.10926421030962141,0.8539619669554221,0.4391498166337483,0.0,158.45158277211377,0.06245759361907144,0.0,0.0
0.0,0.0,2.0,1.0,0.0,0.0,0.0,0.0,0.0,0.13443512940812186,0.29939558837168123,0.35871552541701346,0.0,93.63054691801901,0.21070496386720317,0.0,0.0
0.0,0.0,1.0,0.0,0.0,0.0,0.0,0.0,0.0,0.1428502873008386,0.7534279222569691,0.768922782107641,0.0,119.74466839863875,0.8459214396777321,0.0,0.0
5.0,0.0,1.0,0.0,0.0,0.0,0.0,0.0,0.0,0.9476880259644708,0.0723164752579386,0.9551152072917014,0.0,139.93818822124072,0.07686207527616351,0.0,0.0
0.0,0.0,1.0,1.0,0.0,0.0,0.0,1.0,1.0,0.9292280536318539,0.4051026945275664,0.9061110021324971,0.0,159.25925411551881,0.22602899781599972,0.0,0.0
1.0,0.0,3.0,0.0,0.0,1.0,0.0,0.0,0.0,0.6247838627894025,0.07177580622651303,0.6826172212234024,0.0,31.115951881489934,0.8225347943841967,0.0,0.0
1.0,0.0,1.0,0.0,0.0,0.0,0.0,1.0,1.0,0.05433203482290383,0.7486452341262,0.31758679526111666,0.0,155.73728249444724,0.046851908527603126,0.0,0.0
0.0,0.0,1.0,0.0,0.0,0.0,0.0,0.0,1.0,0.27039328638452553,0.8427119021605549,0.31334791758514313,0.0,108.31379710741373,0.43381741957652953,0.0,0.0
0.0,1.0,3.0,0.0,1.0,0.0,0.0,0.0,0.0,0.16695308874719872,0.7130460506343187,0.6663854135782065,0.0,155.37288554321904,0.950772707731338,0.0,0.0
1.0,0.0,1.0,0.0,0.0,0.0,0.0,0.0,0.0,0.457699605159294,0.20888272400516372,0.3687071708647952,0.0,158.84658461774143,0.7675676285179183,0.0,0.0
2.0,0.0,2.0,0.0,0.0,0.0,0.0,0.0,0.0,0.2953014775718328,0.1366009036511726,0.6516397604772766,0.0,200.39575305595787,0.6448326040223138,0.0,0.0
1.0,0.0,0.0,0.0,0.0,0.0,0.0,0.0,0.0,0.8354802257421944,0.014693388654953843,0.3790940486719362,0.0,187.67268238106016,0.12436839900051022,0.0,0.0
0.0,0.0,1.0,0.0,0.0,1.0,0.0,0.0,0.0,0.3118638579168832,0.7739913781527625,0.7729214818761151,0.0,187.3285831305148,0.12555021476265338,0.0,0.0
2.0,0.0,3.0,0.0,0.0,1.0,0.0,0.0,1.0,0.3717392949063303,0.0013536257154681541,0.2998005275652359,0.0,192.18351595831192,0.8470608269838995,0.0,0.0
0.0,0.0,1.0,1.0,0.0,0.0,0.0,0.0,0.0,0.4840770697102016,0.747444406596694,0.4738098283979466,0.0,134.5689492407973,0.9427243190941123,0.0,0.0
0.0,0.0,4.0,0.0,1.0,0.0,0.0,0.0,0.0,0.7813218557473051,0.5782983994203607,0.14696270958820967,0.0,121.60925435184198,0.3881657061269955,0.0,0.0
1.0,1.0,2.0,0.0,1.0,0.0,0.0,0.0,0.0,0.007841590771916818,0.6309217902291634,0.4476734254104183,0.0,163.6408541589167,0.5296597239456199,0.0,0.0
1.0,1.0,0.0,0.0,0.0,0.0,0.0,0.0,0.0,0.16574977982015593,0.4455416387418909,0.20918546540792782,0.0,156.6040475716511,0.9811925291641158,0.0,0.0
2.0,0.0,4.0,0.0,0.0,0.0,0.0,0.0,0.0,0.25954178317609033,0.43699588566562086,0.593560935378786,0.0,104.546688163087,0.9811778367622945,0.0,0.0
0.0,0.0,2.0,0.0,0.0,0.0,0.0,0.0,0.0,0.718331175372004,0.24734031581908333,0.6406151835488874,0.0,140.2411704404134,0.5650853124527563,0.0,0.0
2.0,0.0,1.0,0.0,0.0,0.0,0.0,0.0,0.0,0.848042089601484,0.7288614422699469,0.09539927731321063,0.0,118.24517666077028,0.480890146603009,0.0,0.0
3.0,0.0,1.0,1.0,0.0,0.0,0.0,0.0,0.0,0.7542649733470227,0.9184264321454086,0.9509285945025484,0.0,77.30335457699721,0.7875490858587793,0.0,0.0
0.0,0.0,2.0,1.0,0.0,0.0,0.0,0.0,0.0,0.03892996332566745,0.03601881829142639,0.17522177210582734,0.0,184.52303706881747,0.9504591705752957,0.0,0.0
0.0,0.0,1.0,0.0,0.0,0.0,0.0,0.0,0.0,0.4194479939573136,0.7803655030068817,0.4763357333010988,0.0,122.75996212650446,0.5911303032585165,0.0,0.0
0.0,1.0,2.0,0.0,0.0,0.0,0.0,0.0,0.0,0.835825927910516,0.3321910331156046,0.6936180574737952,0.0,222.43541288494254,0.15159507480009937,0.0,0.0
3.0,0.0,2.0,0.0,0.0,1.0,0.0,0.0,0.0,0.054634420000972295,0.9730781629723328,0.22612533124967193,0.0,38.72538649000836,0.2304166621173499,0.0,0.0
0.0,0.0,1.0,0.0,0.0,0.0,0.0,1.0,0.0,0.7126213330985128,0.816779466505636,0.18161396775660266,0.0,92.16106135783168,0.8066935196947392,0.0,0.0
1.0,0.0,1.0,0.0,0.0,0.0,0.0,0.0,0.0,0.5837727805141116,0.9522217856975946,0.042422298206891695,0.0,121.63194183454357,0.2965599122059307,0.0,0.0
0.0,0.0,5.0,0.0,0.0,0.0,0.0,0.0,0.0,0.4617161438131191,0.9209945210965759,0.6945954272532854,0.0,176.8690548814457,0.274071589342191,0.0,0.0
1.0,0.0,1.0,0.0,0.0,0.0,0.0,1.0,0.0,0.49625875288236154,0.3805177098698945,0.163035336931591,0.0,139.97346863010927,0.3843550385241349,0.0,0.0
0.0,0.0,6.0,0.0,0.0,0.0,0.0,0.0,0.0,0.9670352752561462,0.0516687216579611,0.5047955983045281,0.0,135.52363770903756,0.17925561190779005,0.0,0.0
1.0,0.0,4.0,0.0,0.0,0.0,0.0,0.0,0.0,0.7966813971913723,0.250467898792499,0.6248740996069989,0.0,63.63681037229264,0.9060870604812605,0.0,0.0
1.0,0.0,2.0,0.0,0.0,0.0,0.0,1.0,0.0,0.4045273855738697,0.06835320030995862,0.7837598424841072,0.0,62.152930138526436,0.6854438832219015,0.0,0.0
0.0,0.0,1.0,0.0,0.0,0.0,1.0,0.0,0.0,0.10137289755315915,0.27785277608971226,0.2763191084658536,0.0,136.12523301449522,0.06750254668382194,0.0,0.0
0.0,0.0,1.0,1.0,0.0,0.0,0.0,0.0,0.0,0.2642762631586393,0.2053329387067998,0.48303969755889,0.0,51.794700309082074,0.6567560634745571,0.0,0.0
1.0,0.0,3.0,0.0,0.0,0.0,0.0,0.0,0.0,0.2674020278575413,0.015110684214475034,0.9650153694544719,0.0,93.40611248553357,0.7066298698787096,0.0,0.0
1.0,0.0,2.0,0.0,0.0,0.0,1.0,0.0,0.0,0.8829938248297731,0.20263263413534316,0.5875858711094019,0.0,145.04586645429288,0.4081516908666981,0.0,0.0
0.0,0.0,1.0,0.0,0.0,0.0,0.0,0.0,1.0,0.10189310087293679,0.008319942227192012,0.43358279263261434,0.0,70.8837863861612,0.9145486638485589,0.0,0.0
1.0,0.0,4.0,0.0,0.0,1.0,0.0,0.0,0.0,0.0913914863317764,0.1992703364668008,0.8774700466544819,0.0,200.26779811809033,0.2483762603698002,0.0,0.0
1.0,0.0,2.0,0.0,0.0,0.0,0.0,0.0,0.0,0.8384918338430248,0.8050903184956627,0.8229838050417675,0.0,181.1968172118945,0.2002820178676259,0.0,0.0
2.0,1.0,1.0,0.0,0.0,0.0,0.0,0.0,0.0,0.3684489199165789,0.8953460891531693,0.6664630475268357,0.0,41.429000083084986,0.6302472194561579,0.0,0.0
1.0,0.0,3.0,0.0,0.0,0.0,0.0,0.0,0.0,0.021913328775008956,0.30104607783431303,0.5026312426301305,0.0,73.38143784090065,0.9271106288584273,0.0,0.0
4.0,0.0,2.0,1.0,0.0,0.0,0.0,0.0,0.0,0.881690611843508,0.8141256855911618,0.6851343098744841,0.0,5.711137775252496,0.309806875322469,0.0,0.0
1.0,0.0,4.0,0.0,0.0,1.0,0.0,0.0,0.0,0.32674254203004083,0.35442494879305486,0.5056341534219588,0.0,80.87043187259334,0.1025679625835898,0.0,0.0
0.0,0.0,4.0,0.0,0.0,0.0,0.0,0.0,0.0,0.6105467550154245,0.16036540611974315,0.6736454174749077,0.0,158.31942382861996,0.22959816075396866,0.0,0.0
3.0,0.0,1.0,0.0,0.0,0.0,0.0,0.0,0.0,0.8908555349831467,0.24153684170168177,0.35427132721721566,0.0,99.30525288625715,0.5192245707802051,0.0,0.0
2.0,0.0,4.0,0.0,0.0,0.0,0.0,0.0,1.0,0.42894433343014426,0.5409050038380808,0.6964298070361072,0.0,143.03986218079837,0.500112752076627,0.0,0.0
1.0,0.0,0.0,0.0,1.0,0.0,0.0,0.0,0.0,0.2062521138361526,0.391859373188026,0.8956747776187787,0.0,43.88328408591279,0.419271661166022,0.0,0.0
0.0,0.0,3.0,0.0,0.0,0.0,0.0,0.0,0.0,0.5356565993475786,0.8361177032072488,0.8213883629006943,0.0,159.89876272909527,0.33362839583686565,0.0,0.0
4.0,0.0,3.0,0.0,0.0,0.0,0.0,0.0,0.0,0.20347274249759584,0.06697361202527152,0.8773504531328387,0.0,92.24453860358251,0.9680658120507589,0.0,0.0
1.0,0.0,2.0,0.0,0.0,0.0,1.0,0.0,0.0,0.3505205342861618,0.3725332737595508,0.06871367772396098,0.0,120.60848411414526,0.7227377522388047,0.0,0.0
1.0,0.0,3.0,0.0,0.0,0.0,0.0,0.0,0.0,0.06646332577627212,0.7665150495325846,0.583713587731364,0.0,115.35627493034737,0.8030020719578371,0.0,0.0
1.0,0.0,1.0,1.0,0.0,0.0,0.0,0.0,0.0,0.7587153211639207,0.5971553059903019,0.6541327370278737,0.0,56.42257395538581,0.6323913243283874,0.0,0.0
0.0,0.0,4.0,0.0,0.0,0.0,0.0,0.0,0.0,0.5070596467387183,0.18792038081532303,0.07697166938087407,0.0,62.345783413010885,0.8218309465853593,0.0,0.0
1.0,0.0,3.0,0.0,0.0,0.0,0.0,1.0,0.0,0.6946409588937278,0.2187156129979273,0.5953032659274891,0.0,168.3897234501713,0.8149397285405392,0.0,0.0
1.0,0.0,0.0,0.0,0.0,0.0,0.0,0.0,0.0,0.8791857726012476,0.24339668321853047,0.557337169573008,0.0,139.94960787508478,0.32302734575409386,0.0,0.0
1.0,0.0,2.0,0.0,0.0,0.0,1.0,0.0,0.0,0.09491793682166971,0.9988926120332906,0.32663924942591094,0.0,172.50245207767134,0.8580232710072292,0.0,0.0
0.0,0.0,1.0,0.0,0.0,0.0,0.0,0.0,0.0,0.6543420054927197,0.23201818030881072,0.014381446072085025,0.0,136.23291177512593,0.76230262450096,0.0,0.0
0.0,0.0,0.0,0.0,1.0,0.0,0.0,0.0,0.0,0.4422938054511353,0.7073970000329277,0.3892304716917885,0.0,127.14953174046083,0.9281820981139515,0.0,0.0
1.0,0.0,3.0,0.0,0.0,0.0,0.0,1.0,0.0,0.053347996988897695,0.45476434255266107,0.6747863021674105,0.0,33.69946906666168,0.9416919866580306,0.0,0.0
0.0,0.0,1.0,0.0,0.0,0.0,0.0,0.0,0.0,0.7051391455705633,0.4551719917336564,0.6677605916031529,0.0,106.4816651619415,0.01914486799683668,0.0,0.0
1.0,0.0,1.0,0.0,0.0,0.0,0.0,0.0,0.0,0.5726072328820224,0.2770125243259788,0.9213075122129755,0.0,118.6307839798128,0.35492466087701,0.0,0.0
2.0,0.0,1.0,0.0,0.0,0.0,0.0,0.0,0.0,0.8860934353132082,0.1966535849529587,0.7374260857706773,0.0,217.6553599136287,0.9972378999036027,0.0,0.0
2.0,0.0,4.0,0.0,0.0,1.0,0.0,0.0,0.0,0.8169739072718367,0.8525474212459705,0.9379652314338942,0.0,154.34783160493387,0.07103488904400213,0.0,0.0
1.0,0.0,3.0,0.0,0.0,0.0,0.0,0.0,0.0,0.43974048650790853,0.2783684816626566,0.7982931972091867,0.0,196.80305908547643,0.2325059922078312,0.0,0.0
1.0,0.0,0.0,0.0,0.0,0.0,0.0,0.0,0.0,0.15492531114344266,0.0827368356181899,0.48453799508001083,0.0,149.8768852947364,0.8038048904834751,0.0,0.0
2.0,0.0,1.0,0.0,0.0,0.0,0.0,0.0,0.0,0.8223812111853543,0.05697872699736828,0.41860727491832994,0.0,84.43483865252603,0.574287575090211,0.0,0.0
1.0,0.0,4.0,0.0,1.0,0.0,0.0,0.0,0.0,0.4893925374065887,0.7416414518360422,0.4925690707532976,0.0,125.85621080749257,0.36140377906718635,0.0,0.0
1.0,0.0,2.0,0.0,0.0,0.0,0.0,0.0,0.0,0.5793144666619379,0.4896244620502448,0.6447452485768186,1.0,131.81118231321165,0.37217325524689715,0.0,0.0
3.0,0.0,1.0,0.0,0.0,0.0,0.0,0.0,0.0,0.9699265253451909,0.5712604699370973,0.1430011226657264,0.0,73.04222151146591,0.36739072869707046,0.0,0.0
2.0,0.0,2.0,0.0,0.0,0.0,0.0,0.0,0.0,0.2632473465180112,0.0006533907612995549,0.8706690341255177,0.0,100.78063117035394,0.7502657639388423,0.0,0.0
2.0,0.0,1.0,0.0,1.0,0.0,1.0,0.0,0.0,0.9084345518793753,0.4680690542342901,0.4662994129398188,1.0,109.7116503161414,0.4872653541000508,0.0,0.0
0.0,0.0,3.0,0.0,0.0,0.0,0.0,0.0,0.0,0.5105807574595599,0.6151291405411998,0.9106057172144217,1.0,200.2809916282559,0.05024300982298213,0.0,0.0
2.0,0.0,3.0,1.0,0.0,0.0,1.0,0.0,0.0,0.11159299995724747,0.6083195000077717,0.28104975016688916,0.0,15.962973730451083,0.8014457762229537,0.0,0.0
1.0,0.0,6.0,0.0,0.0,0.0,0.0,0.0,0.0,0.019155485551252904,0.8268585609727531,0.5247356376614322,0.0,180.29092103580217,0.34508374551323373,0.0,0.0
1.0,0.0,1.0,0.0,0.0,0.0,1.0,0.0,0.0,0.8848551176960043,0.7390669759393725,0.27746467972495403,0.0,73.16023825203087,0.010284495935692028,0.0,0.0
2.0,0.0,3.0,0.0,1.0,0.0,0.0,0.0,0.0,0.8345717902556277,0.9354845135274957,0.18573307200518563,1.0,51.3960406365193,0.06180846068922263,0.0,0.0
2.0,0.0,1.0,0.0,0.0,0.0,1.0,0.0,0.0,0.7511771369540428,0.753868082709913,0.5778911126940883,0.0,178.9971065019232,0.7570481146986254,0.0,0.0
2.0,0.0,4.0,1.0,0.0,0.0,0.0,0.0,0.0,0.6910558127392618,0.27163318127436964,0.19060983307444979,0.0,156.59490346171907,0.4299576197798217,0.0,0.0
0.0,0.0,2.0,1.0,0.0,0.0,0.0,0.0,0.0,0.11658307455569672,0.5466956820721302,0.9024130332861034,0.0,182.7259351190595,0.658661354939767,0.0,0.0
0.0,0.0,3.0,0.0,0.0,0.0,1.0,0.0,0.0,0.10445451810015138,0.5768573811327002,0.4639816981668874,0.0,160.03509737727884,0.21469588746335544,0.0,0.0
0.0,0.0,1.0,0.0,0.0,0.0,0.0,0.0,0.0,0.9383157286513161,0.8187402294840508,0.983567206513663,0.0,222.99225008687011,0.43123386979155787,0.0,0.0
2.0,0.0,2.0,0.0,0.0,0.0,0.0,0.0,0.0,0.823552226611819,0.8206961607667793,0.4773503981224013,0.0,147.93619184722428,0.8057145256682179,0.0,0.0
0.0,0.0,2.0,0.0,0.0,0.0,0.0,0.0,1.0,0.3846110759787682,0.4591240232866809,0.3032858908492829,0.0,112.17613119384208,0.93374942300147,0.0,0.0
0.0,0.0,2.0,0.0,0.0,0.0,1.0,0.0,0.0,0.06845045256601678,0.41766699581699473,0.11635848516449587,0.0,137.14631886606713,0.6617777324716385,0.0,0.0
1.0,0.0,1.0,0.0,1.0,0.0,0.0,0.0,0.0,0.35489768348655404,0.4131725172077195,0.6758229251040736,0.0,182.17345641729818,0.3952593154311578,0.0,0.0
2.0,0.0,4.0,1.0,0.0,0.0,0.0,0.0,0.0,0.7314863597031158,0.9581180089194338,0.22044600424541894,0.0,81.03123373699415,0.9164205445320662,0.0,0.0
2.0,0.0,1.0,0.0,0.0,0.0,0.0,0.0,0.0,0.832929715574228,0.5402965317903072,0.8446659090902243,0.0,87.40557087343096,0.9150607325172224,0.0,0.0
1.0,0.0,1.0,0.0,0.0,0.0,0.0,0.0,0.0,0.9783547870568566,0.9657472098197475,0.39515529747230504,0.0,104.55199927010463,0.671093157085976,0.0,0.0
0.0,0.0,2.0,1.0,0.0,0.0,0.0,0.0,0.0,0.12038757878908901,0.9385297834731304,0.1811832790500828,0.0,14.770860061733387,0.3072164170212709,0.0,0.0
1.0,0.0,2.0,1.0,0.0,0.0,0.0,0.0,0.0,0.016592480632597884,0.6617186826439566,0.6024494419665878,0.0,126.90392042087734,0.02370775364451838,0.0,0.0
0.0,0.0,5.0,0.0,0.0,0.0,0.0,0.0,0.0,0.392895108893179,0.028652427577654516,0.5832523923125568,0.0,25.69356480244869,0.3064328227033716,0.0,0.0
0.0,0.0,0.0,0.0,0.0,0.0,1.0,0.0,1.0,0.5498685627762052,0.05057310382422886,0.4261212379522308,0.0,122.65296564663095,0.22431855885352625,0.0,0.0
0.0,0.0,0.0,0.0,0.0,0.0,0.0,0.0,0.0,0.051293848981215584,0.49253538071428926,0.44210703467972,0.0,163.26448780676247,0.5299405869302329,0.0,0.0
1.0,0.0,2.0,0.0,0.0,0.0,0.0,0.0,0.0,0.056680432165835404,0.034672704226066386,0.391910562943909,0.0,96.15617696780822,0.6415044812562517,0.0,0.0
1.0,0.0,1.0,1.0,0.0,0.0,0.0,1.0,0.0,0.8243504472493495,0.39699216220747413,0.15631697070886086,0.0,203.85579350934353,0.6712708252291325,0.0,0.0
1.0,0.0,4.0,1.0,1.0,0.0,0.0,1.0,0.0,0.28943952161948794,0.46768121248487704,0.6193899693665019,0.0,46.9749550290756,0.3302846675020844,0.0,0.0
1.0,0.0,4.0,0.0,0.0,0.0,0.0,0.0,0.0,0.04013885908536652,0.8899133763628625,0.9919627472386433,0.0,179.56303408159164,0.7653633638580407,0.0,0.0
2.0,0.0,2.0,0.0,0.0,0.0,0.0,0.0,0.0,0.603150120122947,0.6825324595377216,0.5753591731290986,0.0,153.75685282034604,0.768581330913202,0.0,0.0
1.0,0.0,1.0,0.0,0.0,0.0,0.0,0.0,0.0,0.04499682123542437,0.7341512590416462,0.3413186459500521,0.0,34.19833758446555,0.33197150473584547,0.0,0.0
1.0,0.0,1.0,1.0,1.0,0.0,0.0,0.0,1.0,0.6638244748527251,0.9653027236303998,0.0504167736022092,0.0,255.53971495202663,0.5639195667556237,0.0,0.0
1.0,0.0,4.0,0.0,0.0,0.0,0.0,0.0,0.0,0.5254703073558932,0.69783278550517,0.9002641112020704,0.0,116.8127357248017,0.6796331823951436,0.0,0.0
3.0,0.0,1.0,0.0,0.0,0.0,0.0,0.0,0.0,0.3235304124854915,0.6650559890066311,0.5565784285021533,0.0,76.12579889221841,0.09441889766048095,0.0,0.0
1.0,0.0,8.0,0.0,0.0,0.0,0.0,0.0,0.0,0.35659617598620563,0.25448133161826025,0.01289746978952544,0.0,49.645640260799155,0.9576316462725879,0.0,0.0
1.0,0.0,0.0,0.0,0.0,0.0,0.0,0.0,0.0,0.09664483428775228,0.17689695082398393,0.9873361585795459,0.0,108.9990986170163,0.8736185287372153,0.0,0.0
1.0,1.0,1.0,0.0,0.0,0.0,0.0,0.0,0.0,0.6323962564655086,0.12832586218876452,0.5784925082293301,0.0,113.62965638050201,0.7534721106595967,0.0,0.0
0.0,0.0,3.0,0.0,0.0,0.0,0.0,0.0,0.0,0.19624571670616564,0.1255497898984771,0.9634799474743275,0.0,125.13227642698322,0.5855637287933019,0.0,0.0
2.0,0.0,1.0,1.0,0.0,0.0,0.0,0.0,0.0,0.4981299435480424,0.6893104121026903,0.2523119270696871,0.0,105.11019218880199,0.8979352934437369,0.0,0.0
1.0,0.0,3.0,1.0,1.0,0.0,0.0,1.0,0.0,0.9113391900786307,0.020934117826733267,0.315773151249496,0.0,151.66126550575467,0.7021074541137926,0.0,0.0
0.0,0.0,2.0,0.0,0.0,0.0,0.0,0.0,0.0,0.9693218122841789,0.37783921372718665,0.06203676362878152,0.0,100.61850836683769,0.1619230066322137,0.0,0.0
1.0,0.0,2.0,0.0,0.0,0.0,0.0,0.0,0.0,0.4420334209311235,0.648233468807846,0.061446290130787506,0.0,23.251794137976447,0.648765386159386,0.0,0.0
0.0,0.0,1.0,0.0,0.0,1.0,0.0,0.0,0.0,0.7343656764922184,0.20883093549458998,0.05856530528453385,0.0,112.53192521751794,0.8719130612805055,0.0,0.0
0.0,0.0,2.0,0.0,0.0,0.0,0.0,0.0,0.0,0.15144552193535732,0.4327714843418189,0.5956798241615295,0.0,1.62611733133609,0.7551336174451959,0.0,0.0
0.0,0.0,0.0,0.0,0.0,0.0,0.0,0.0,0.0,0.8751336186211521,0.9709402496046186,0.17715352322262556,0.0,137.68853154456949,0.40542282513915495,0.0,0.0
0.0,0.0,1.0,1.0,0.0,0.0,0.0,0.0,0.0,0.8143867792687614,0.2803347525514125,0.13217965775387175,0.0,71.03498848586824,0.380951845023475,0.0,0.0
2.0,0.0,0.0,0.0,0.0,0.0,0.0,0.0,0.0,0.3531028889383895,0.7997833644457834,0.5546870247883672,0.0,128.16801774579002,0.7844054732127973,0.0,0.0
2.0,0.0,5.0,0.0,0.0,0.0,0.0,0.0,0.0,0.6043593197147711,0.7636922693503205,0.5234013709220082,0.0,185.70374907623022,0.08010572660960225,0.0,0.0
2.0,0.0,4.0,1.0,0.0,0.0,0.0,0.0,0.0,0.8391466080707525,0.1453266924205041,0.505696743781374,0.0,72.5625652366,0.5738658496770963,0.0,0.0
0.0,0.0,3.0,1.0,0.0,1.0,0.0,1.0,0.0,0.0455851579486688,0.9459708898455993,0.842165376650381,0.0,173.0628129256059,0.16988707321905727,0.0,0.0
2.0,0.0,1.0,0.0,0.0,0.0,0.0,0.0,0.0,0.5547318032823543,0.07675806188873802,0.004187443627957865,0.0,98.33052166569234,0.41078880999961176,0.0,0.0
0.0,0.0,2.0,0.0,0.0,0.0,0.0,1.0,0.0,0.3931471294940152,0.23692399389672347,0.09696567096542474,0.0,207.65974010327926,0.6775458051837758,0.0,0.0
1.0,1.0,1.0,0.0,0.0,0.0,0.0,0.0,0.0,0.8306227604317913,0.22465739764176662,0.3993325801992226,0.0,101.74236934008934,0.18089190137889832,0.0,0.0
2.0,0.0,4.0,0.0,0.0,0.0,0.0,0.0,0.0,0.13998737672176287,0.415818568018411,0.5485884150546885,0.0,77.97535072466543,0.9965263087986191,0.0,0.0
1.0,0.0,1.0,0.0,0.0,0.0,0.0,0.0,0.0,0.35543933736406175,0.6692190299248667,0.48380253986064725,0.0,154.36192251976442,0.5937806319434522,0.0,0.0
1.0,0.0,0.0,0.0,0.0,0.0,0.0,0.0,0.0,0.5638929210554023,0.26116243251086024,0.6949531193430477,0.0,98.2105135188182,0.7350251861898234,0.0,0.0
3.0,0.0,3.0,1.0,0.0,0.0,0.0,0.0,0.0,0.2856259885622431,0.7346083007105351,0.02394626527048349,0.0,77.92752429354957,0.1744092671114995,1.0,0.0
0.0,0.0,1.0,0.0,0.0,0.0,0.0,0.0,0.0,0.5771170823879065,0.8906584554618424,0.5969452234131726,0.0,96.10800746481044,0.7498599312882688,0.0,0.0
2.0,0.0,3.0,0.0,0.0,0.0,0.0,0.0,0.0,0.6154207798208354,0.08157492561136592,0.08778823705815997,0.0,117.76967339084993,0.21399467869831357,0.0,0.0
2.0,0.0,0.0,0.0,0.0,0.0,0.0,0.0,0.0,0.886171294055993,0.45851856218701537,0.5645906389334635,0.0,187.1090065622427,0.9317404033165082,0.0,0.0
1.0,0.0,2.0,0.0,0.0,0.0,0.0,0.0,0.0,0.8591117576469165,0.5000582591910867,0.6748932030541548,0.0,23.29561272702115,0.7600055449620985,0.0,0.0
1.0,0.0,2.0,0.0,0.0,0.0,0.0,0.0,0.0,0.9656389752668004,0.39355533610631555,0.1307173235897573,0.0,121.15403294752103,0.5750605734588147,0.0,0.0
1.0,0.0,1.0,0.0,0.0,0.0,0.0,0.0,0.0,0.7833872199958384,0.9092526944369924,0.3702321856845767,0.0,151.24517973270216,0.8461242105302316,0.0,0.0
2.0,0.0,3.0,0.0,1.0,0.0,0.0,0.0,0.0,0.8754886503958965,0.3024663174614697,0.8586981212445739,0.0,129.6724287495898,0.14669511401518154,0.0,0.0
0.0,0.0,3.0,0.0,0.0,0.0,0.0,0.0,0.0,0.8614180460955174,0.13730003271557023,0.9523867523987246,0.0,185.4932584716767,0.7518251459566812,0.0,0.0
1.0,0.0,1.0,0.0,0.0,0.0,0.0,0.0,0.0,0.168858463370395,0.05363479152083084,0.7174649906119122,0.0,116.28273351207379,0.38339714105825895,0.0,0.0
0.0,0.0,1.0,0.0,0.0,0.0,0.0,0.0,0.0,0.7093888218243862,0.10540137739646227,0.8388538619040689,0.0,110.77242789070274,0.36298284040387163,0.0,0.0
1.0,0.0,3.0,0.0,0.0,0.0,0.0,0.0,0.0,0.24879178873917707,0.9420582194885955,0.29827245423412274,0.0,149.61647735066717,0.13925407078470398,0.0,0.0
0.0,0.0,1.0,0.0,0.0,0.0,0.0,0.0,0.0,0.5077578381885688,0.1383715947205566,0.982739540910386,0.0,124.96569074756748,0.6631462489752088,0.0,0.0
1.0,0.0,0.0,0.0,0.0,0.0,0.0,0.0,0.0,0.7521143326969748,0.5128747423052678,0.3208545427498436,0.0,100.47956308597645,0.43526227965655384,0.0,0.0
2.0,0.0,1.0,0.0,0.0,0.0,0.0,0.0,0.0,0.16781459564602863,0.12036357620998606,0.06760474947238315,0.0,145.807201979319,0.430535820913037,0.0,0.0
1.0,0.0,3.0,1.0,0.0,0.0,1.0,0.0,0.0,0.053830524908459076,0.18987532909591998,0.03895784634846422,0.0,87.37358533916773,0.3412444497577206,0.0,0.0
2.0,0.0,4.0,1.0,1.0,0.0,0.0,0.0,0.0,0.9868959453882975,0.7545693612057366,0.24860488461330632,0.0,89.44114239903365,0.8575306077519237,0.0,0.0
1.0,0.0,2.0,0.0,0.0,0.0,0.0,1.0,1.0,0.30781915002611915,0.24116521430776194,0.23356736106861098,0.0,93.60029891171932,0.5555495698856199,0.0,0.0
0.0,0.0,0.0,0.0,0.0,1.0,1.0,0.0,0.0,0.29765027756828044,0.29806620117000415,0.3204012861402149,0.0,187.65345800832037,0.12249786196598922,0.0,0.0
1.0,1.0,2.0,1.0,1.0,1.0,1.0,1.0,0.0,0.8736338226347001,0.07555449376276957,0.2466884297439973,1.0,51.98527234973328,0.8763139699155088,1.0,1.0
0.0,1.0,2.0,1.0,1.0,0.0,1.0,0.0,1.0,0.5491440152414512,0.9491124568882471,0.9986173191643847,0.0,86.27390540559132,0.37803106223319516,0.0,1.0
2.0,1.0,0.0,1.0,1.0,0.0,1.0,1.0,0.0,0.4071737385988753,0.23227336479050076,0.5348009769191681,0.0,110.61569314700893,0.15737851486886756,1.0,1.0
2.0,1.0,1.0,0.0,1.0,1.0,1.0,1.0,1.0,0.5490832225687229,0.5829984797183156,0.4016531257643803,1.0,23.126747981098994,0.28540529030284156,0.0,1.0
2.0,1.0,1.0,1.0,1.0,1.0,1.0,1.0,0.0,0.22982604179253607,0.0009058352460902253,0.7152368534826331,1.0,111.0824170749207,0.23751612059406013,1.0,1.0
2.0,1.0,1.0,0.0,0.0,1.0,1.0,0.0,1.0,0.18892981376495233,0.8594345828335509,0.25625492388907256,1.0,44.08510841413914,0.6631478293998225,1.0,1.0
2.0,1.0,1.0,0.0,0.0,1.0,1.0,1.0,1.0,0.36014211413893804,0.46503532473067277,0.6898960033133608,0.0,84.49799526378106,0.918193158461703,1.0,1.0
1.0,0.0,0.0,1.0,0.0,1.0,0.0,1.0,0.0,0.6237533843692328,0.0056313127480537295,0.1863167765185335,0.0,49.60424188537469,0.5013509936337459,0.0,1.0
0.0,1.0,0.0,1.0,1.0,1.0,0.0,0.0,1.0,0.7360173683653359,0.5568444131345626,0.9290208857168011,1.0,77.28682510848407,0.08852231521472842,0.0,1.0
0.0,1.0,1.0,0.0,0.0,1.0,1.0,0.0,0.0,0.72032291647856,0.5294357405412765,0.3954890761835702,0.0,105.67510538281098,0.9391086983102406,1.0,1.0
0.0,0.0,1.0,0.0,1.0,0.0,0.0,0.0,1.0,0.8447091670758625,0.4183833377132715,0.44085511270251587,0.0,20.919436908458565,0.033789150948248636,0.0,1.0
0.0,1.0,0.0,1.0,1.0,0.0,1.0,1.0,0.0,0.9544476948529885,0.11567522364811655,0.946264493003082,1.0,42.803764130126744,0.6452777553235629,1.0,1.0
3.0,1.0,1.0,1.0,1.0,1.0,1.0,1.0,1.0,0.34027498223403085,0.6208326327741929,0.8909953746442648,1.0,77.39850349368346,0.4021563818439675,0.0,1.0
2.0,1.0,4.0,1.0,1.0,1.0,1.0,1.0,0.0,0.5476119841428094,0.14451522390695026,0.13394121940000037,1.0,166.0633464412141,0.1806549020911703,0.0,1.0
0.0,0.0,0.0,1.0,0.0,0.0,0.0,0.0,0.0,0.34311551641700944,0.24190577259175783,0.39850202880398033,1.0,35.472411513326875,0.1709448935675858,0.0,1.0
2.0,0.0,2.0,1.0,1.0,1.0,0.0,1.0,1.0,0.104371458082829,0.9826882395913257,0.8602478109774646,0.0,151.60535543987675,0.7223111683237078,0.0,1.0
1.0,0.0,0.0,0.0,1.0,1.0,1.0,1.0,0.0,0.3854704346997354,0.1582407418152627,0.6953542507318696,1.0,150.17693214700682,0.2861808707979073,1.0,1.0
0.0,0.0,0.0,1.0,0.0,1.0,1.0,0.0,0.0,0.672262939932566,0.7823958086444591,0.5307506023881423,0.0,66.10755397193635,0.28733033322764945,1.0,1.0
1.0,1.0,1.0,0.0,1.0,1.0,1.0,0.0,1.0,0.2550036525010757,0.2625502300200002,0.03925305307099991,0.0,58.07389895200399,0.04751775720711038,1.0,1.0
0.0,1.0,1.0,0.0,0.0,1.0,1.0,0.0,0.0,0.06875095208867732,0.5073940938449606,0.3289197782107244,1.0,42.317392053412334,0.3130253547015813,1.0,1.0
3.0,1.0,1.0,1.0,1.0,1.0,1.0,0.0,1.0,0.8465507758198628,0.4269053206363036,0.5520181722956512,1.0,67.27189878669324,0.5319883182707819,0.0,1.0
0.0,1.0,1.0,1.0,1.0,1.0,1.0,0.0,0.0,0.5549098338254089,0.18804109258878576,0.8596655476664752,0.0,13.731222697617682,0.48071405648435594,1.0,1.0
1.0,0.0,2.0,0.0,0.0,1.0,0.0,1.0,1.0,0.9661780248345367,0.821031947096431,0.2044834611958235,0.0,66.9504393071761,0.13837856254191838,0.0,1.0
1.0,1.0,1.0,0.0,1.0,1.0,1.0,0.0,1.0,0.03297694368259341,0.8518879824703832,0.6840248616920718,0.0,129.87521095403423,0.7924566691392633,1.0,1.0
4.0,1.0,0.0,0.0,1.0,1.0,0.0,0.0,1.0,0.9916730528316782,0.19740373373054254,0.575520216966124,1.0,45.55659750093129,0.9708541978677002,1.0,1.0
2.0,0.0,1.0,1.0,1.0,0.0,0.0,1.0,1.0,0.42137694121385494,0.7938359121486164,0.46484980370405216,1.0,60.37102784043797,0.399109299557426,0.0,1.0
2.0,1.0,1.0,1.0,1.0,1.0,1.0,1.0,0.0,0.02001172362877479,0.2528549787625588,0.5174012898249661,1.0,1.9543810293103263,0.5140308194758695,1.0,1.0
1.0,1.0,1.0,1.0,1.0,1.0,0.0,0.0,0.0,0.7896736137927557,0.7388050500786865,0.625211533857515,0.0,84.96248352524174,0.11310575650171983,0.0,1.0
2.0,1.0,0.0,1.0,1.0,1.0,0.0,1.0,1.0,0.7512731169377459,0.6785170694844144,0.19841010119356273,1.0,80.57926739805495,0.47570407818905625,1.0,1.0
0.0,1.0,2.0,0.0,1.0,1.0,1.0,0.0,1.0,0.24495350836595609,0.7296996274467209,0.8110153749320693,0.0,72.54809439063084,0.29403971003999907,0.0,1.0
0.0,1.0,0.0,1.0,0.0,1.0,1.0,1.0,0.0,0.5739615175016297,0.8630287792502848,0.4813827117484275,1.0,61.326917991114264,0.33207389082382044,1.0,1.0
1.0,1.0,1.0,0.0,1.0,1.0,0.0,1.0,1.0,0.17458398467636027,0.2860600516592855,0.5168367677344992,0.0,58.28968324910181,0.5990993251027524,1.0,1.0
3.0,1.0,0.0,1.0,1.0,1.0,1.0,1.0,1.0,0.6733914790298352,0.8912826648277505,0.8038847087352534,1.0,90.07600934802687,0.7170479387071047,0.0,1.0
3.0,0.0,0.0,0.0,1.0,1.0,1.0,1.0,1.0,0.37300709987856073,0.14878828384915288,0.5583844775702219,1.0,68.84733593645507,0.8449503772726041,0.0,1.0
2.0,0.0,2.0,0.0,0.0,1.0,1.0,1.0,1.0,0.21202785050222894,0.029541968611493274,0.43393524963137375,1.0,82.5988748622133,0.6049408131977551,1.0,1.0
1.0,1.0,0.0,1.0,0.0,1.0,0.0,1.0,1.0,0.003121651356409627,0.30351012487811146,0.10860740234649258,1.0,78.59931269818192,0.8745052950380771,1.0,1.0
1.0,1.0,3.0,0.0,0.0,1.0,0.0,1.0,0.0,0.4401484472241325,0.5124285513766563,0.6727136115004362,1.0,114.93709148383047,0.16620053680874547,1.0,1.0
0.0,0.0,1.0,1.0,0.0,1.0,0.0,1.0,1.0,0.5654563660741082,0.7155059546211288,0.10962819440343974,1.0,97.07976389500217,0.0666279984103747,1.0,1.0
0.0,0.0,1.0,1.0,1.0,1.0,1.0,1.0,0.0,0.6033255656445984,0.31200130610845034,0.9098236408320604,1.0,77.71447372600763,0.32479891538036054,0.0,1.0
0.0,1.0,1.0,0.0,1.0,1.0,1.0,1.0,1.0,0.9467079150338882,0.3974879924226278,0.21714040403767187,1.0,130.73688122608718,0.17615391250286005,0.0,1.0
3.0,1.0,1.0,0.0,1.0,1.0,1.0,0.0,1.0,0.33265659982089146,0.5032094167515431,0.014079663282890675,0.0,86.81074116226246,0.10080719713908526,1.0,1.0
2.0,0.0,2.0,1.0,1.0,1.0,0.0,1.0,0.0,0.6722341498006051,0.005339141969688543,0.984871566113602,1.0,122.19850755161676,0.6592445370508719,1.0,1.0
2.0,1.0,1.0,1.0,1.0,1.0,1.0,1.0,1.0,0.619351305936299,0.23213391280015616,0.0009430425274903342,1.0,94.27770433546551,0.8099131203060904,0.0,1.0
2.0,1.0,2.0,0.0,1.0,1.0,1.0,1.0,1.0,0.037747316967433386,0.583195161883046,0.2299614154010342,0.0,-3.6767631572617177,0.6812092578215488,1.0,1.0
0.0,1.0,1.0,0.0,0.0,1.0,1.0,1.0,0.0,0.44215411378658276,0.05684057071238846,0.9784944646717908,1.0,122.19339053277318,0.6557962798997199,0.0,1.0
0.0,1.0,0.0,1.0,0.0,1.0,1.0,1.0,1.0,0.8470120353890835,0.8279120621490643,0.3828242079635038,0.0,75.40704965370676,0.24120677462802298,1.0,1.0
0.0,1.0,1.0,0.0,1.0,1.0,0.0,1.0,0.0,0.16762156384058446,0.262880701989326,0.03574839446586464,1.0,67.92180916396889,0.09424306640452562,0.0,1.0
1.0,1.0,2.0,1.0,0.0,0.0,0.0,0.0,1.0,0.8211261044851798,0.4930351215402048,0.8467830271688292,1.0,81.25393389958307,0.9935015603957081,1.0,1.0
0.0,0.0,1.0,1.0,1.0,0.0,0.0,0.0,0.0,0.46930299636000705,0.9246228178425285,0.3975918693106466,1.0,56.200673521717306,0.7839252791418876,0.0,1.0
1.0,1.0,2.0,1.0,1.0,1.0,1.0,0.0,1.0,0.23179027761657967,0.9013999412292332,0.8339166004610369,1.0,79.08115441555782,0.474325570550291,1.0,1.0
0.0,1.0,0.0,1.0,1.0,1.0,0.0,1.0,1.0,0.24241881388721087,0.18433134898819126,0.06483421878619122,1.0,46.32495734627631,0.6266436833117583,1.0,1.0
0.0,1.0,0.0,0.0,1.0,1.0,0.0,1.0,0.0,0.13623365154572564,0.6304009260359995,0.3012257480622794,1.0,120.9708903493748,0.22690076724380825,0.0,1.0
1.0,0.0,2.0,1.0,1.0,1.0,1.0,1.0,0.0,0.20518283339516075,0.7885518420082566,0.16719585454726837,1.0,65.45647545515799,0.97598311939245,1.0,1.0
0.0,1.0,0.0,0.0,0.0,1.0,0.0,0.0,1.0,0.7250960188976509,0.9650316229099188,0.26039735874507164,1.0,54.69664629110266,0.7067905043968145,1.0,1.0
0.0,1.0,2.0,1.0,1.0,1.0,1.0,0.0,1.0,0.33267298653032384,0.8314166219303112,0.2745723155510216,1.0,33.00296737122905,0.47552652162619335,1.0,1.0
2.0,1.0,1.0,0.0,1.0,0.0,0.0,1.0,1.0,0.4028895789566308,0.935217810170875,0.011765094366997686,1.0,80.75103156594565,0.8733841643710475,1.0,1.0
1.0,0.0,2.0,0.0,1.0,1.0,0.0,1.0,0.0,0.4513367251540973,0.38419418492597746,0.43233389987866533,1.0,77.48428400500367,0.9222308698387298,0.0,1.0
1.0,1.0,2.0,0.0,1.0,1.0,0.0,1.0,0.0,0.10812335247709604,0.4278695148529912,0.09865737673280905,1.0,85.53698454710026,0.5223732639668011,0.0,1.0
2.0,1.0,1.0,0.0,0.0,1.0,1.0,0.0,0.0,0.8206273934190368,0.12794994091976486,0.9979151344122877,1.0,28.909924499794847,0.9080348763357216,1.0,1.0
3.0,1.0,1.0,1.0,1.0,1.0,1.0,0.0,1.0,0.22349431425584,0.705595789776492,0.1908094914463071,1.0,5.952752047537075,0.9556213797813561,0.0,1.0
0.0,0.0,1.0,0.0,0.0,0.0,1.0,1.0,0.0,0.6939921083892756,0.16641428431093985,0.786367385961698,1.0,95.0236521002624,0.3504702023179279,1.0,1.0
1.0,1.0,0.0,0.0,0.0,0.0,1.0,0.0,1.0,0.48759843804956093,0.5783291027043042,0.6892297363629519,1.0,129.3856744750603,0.43550502745325925,0.0,1.0
4.0,0.0,1.0,1.0,1.0,0.0,0.0,1.0,1.0,0.38024116641339023,0.818542579905503,0.3662530059984742,1.0,28.945855104404153,0.36502530403882305,1.0,1.0
2.0,0.0,1.0,0.0,1.0,1.0,0.0,0.0,1.0,0.7080237839979118,0.2542178290666882,0.8620840858402314,1.0,133.57765134246793,0.13045563655139392,1.0,1.0
1.0,0.0,2.0,1.0,0.0,1.0,0.0,0.0,0.0,0.6477090747902298,0.5026398049755353,0.49181132232245595,1.0,81.35644234945524,0.1588526919439558,1.0,1.0
2.0,1.0,0.0,1.0,0.0,1.0,1.0,0.0,0.0,0.28866630267546045,0.937987865459497,0.8256714459794781,1.0,69.71748381796681,0.4182640809025757,1.0,1.0
2.0,0.0,3.0,0.0,1.0,1.0,0.0,1.0,1.0,0.8377290986226563,0.1527504316676166,0.08292715250972604,1.0,54.09805213816888,0.9078906004128328,1.0,1.0
0.0,1.0,0.0,1.0,0.0,1.0,0.0,1.0,0.0,0.7160934824899615,0.39425823549574524,0.6770819719511081,1.0,14.619279223000134,0.7289021357907499,1.0,1.0
1.0,1.0,1.0,0.0,0.0,1.0,0.0,1.0,0.0,0.5252504648304882,0.9740312249720638,0.9114540034548393,1.0,109.50914063698399,0.4239561794632619,0.0,1.0
3.0,0.0,1.0,1.0,1.0,1.0,1.0,1.0,1.0,0.050018820902186345,0.48724956034545097,0.3554366807245314,1.0,38.97574554249587,0.769485387315587,1.0,1.0
1.0,1.0,2.0,1.0,1.0,1.0,1.0,0.0,1.0,0.1377283015171411,0.6121662207231456,0.1665455885938013,0.0,38.80773297049599,0.2980416983469145,0.0,1.0
0.0,1.0,2.0,1.0,0.0,1.0,1.0,1.0,0.0,0.27350286582970706,0.1215873495335269,0.5560573351914615,0.0,109.67705239547819,0.6469467083373054,1.0,1.0
1.0,1.0,3.0,1.0,1.0,1.0,0.0,1.0,0.0,0.7642456208523801,0.582553837041994,0.07100678022258855,1.0,-5.319337866869063,0.7483963562097431,0.0,1.0
0.0,1.0,1.0,0.0,1.0,1.0,0.0,0.0,1.0,0.6124895070970834,0.7379531202529385,0.7672783010536482,1.0,9.05608757327333,0.953072768622137,0.0,1.0
2.0,1.0,1.0,1.0,1.0,1.0,0.0,1.0,1.0,0.8582913355531061,0.30976458318518707,0.971297460306592,1.0,69.27463025967673,0.09101180688251698,0.0,1.0
2.0,0.0,2.0,1.0,1.0,1.0,1.0,1.0,1.0,0.3542657213276258,0.9059519191946444,0.9009634960387638,0.0,81.73137716019409,0.1273720360333609,0.0,1.0
0.0,0.0,0.0,1.0,1.0,1.0,1.0,1.0,1.0,0.13952678055966927,0.7767682713500729,0.62584666605061,1.0,89.38938591875696,0.8597287835022325,0.0,1.0
0.0,1.0,1.0,1.0,0.0,1.0,0.0,1.0,0.0,0.20774927301219037,0.6487469372366542,0.8711870463503177,0.0,57.92806026414989,0.5365546710107993,1.0,1.0
2.0,1.0,1.0,0.0,1.0,0.0,0.0,1.0,1.0,0.2907438658906739,0.6147709531562623,0.9027760477645449,1.0,171.2147867456676,0.8381592014010867,0.0,1.0
0.0,0.0,2.0,1.0,1.0,1.0,0.0,0.0,0.0,0.7550939672981465,0.750811381374439,0.2655441848032414,1.0,60.88429764936664,0.47519771945694944,1.0,1.0
5.0,1.0,1.0,0.0,1.0,1.0,0.0,1.0,1.0,0.5691415704542683,0.38236459791671085,0.9345580725432818,1.0,60.76855391589112,0.44611430712518774,1.0,1.0
1.0,1.0,2.0,0.0,1.0,1.0,1.0,0.0,1.0,0.0991945301128786,0.9088874403864678,0.21502256935618458,1.0,38.1205332474449,0.013981712971364746,1.0,1.0
1.0,1.0,0.0,0.0,1.0,0.0,0.0,1.0,1.0,0.2978473483600218,0.45591593702211375,0.07120671754123253,1.0,74.95627266084284,0.7254121231929704,0.0,1.0
0.0,1.0,1.0,0.0,1.0,1.0,0.0,1.0,0.0,0.4430759329334488,0.16574901538845488,0.9820446227863839,1.0,94.59844928187098,0.6264638552540559,1.0,1.0
2.0,1.0,1.0,1.0,1.0,1.0,1.0,1.0,1.0,0.195422586638349,0.0111545873118305,0.24232573024632142,1.0,118.1431221813384,0.5090034454826182,1.0,1.0
1.0,1.0,0.0,1.0,1.0,1.0,1.0,1.0,0.0,0.61051316409216,0.36420222264951607,0.2099318316734844,0.0,10.428629422391282,0.2247500381773575,1.0,1.0
1.0,1.0,1.0,0.0,1.0,1.0,1.0,1.0,1.0,0.015366250734723308,0.4264438057143032,0.6061935374241404,1.0,60.16018646577197,0.15407573247308348,0.0,1.0
0.0,1.0,1.0,0.0,1.0,1.0,1.0,1.0,1.0,0.630779733104932,0.5875617721497983,0.3535488542043371,1.0,87.86814443236577,0.47246211391489046,1.0,1.0
1.0,1.0,0.0,0.0,0.0,1.0,0.0,1.0,1.0,0.5024027934801267,0.9169787490185026,0.7067652818616311,1.0,93.48230138378142,0.21999112689693068,1.0,1.0
2.0,0.0,2.0,0.0,1.0,0.0,1.0,1.0,1.0,0.3487028108429784,0.7636470325232199,0.0969513926267147,0.0,70.26194631218156,0.06679707726217199,1.0,1.0
0.0,0.0,0.0,1.0,1.0,0.0,1.0,1.0,0.0,0.8332094569102624,0.705619804180144,0.5773417251963703,0.0,91.69695878128408,0.2016999626310254,0.0,1.0
2.0,1.0,2.0,1.0,0.0,1.0,1.0,1.0,1.0,0.5242579279038355,0.22894233613944526,0.12162289068009424,1.0,37.64144428296798,0.5066912010062987,0.0,1.0
1.0,1.0,2.0,0.0,1.0,1.0,1.0,0.0,0.0,0.8553144643629383,0.5874151637926668,0.8890923982489601,1.0,132.31621729273428,0.5009693018588683,0.0,1.0
0.0,0.0,1.0,0.0,1.0,1.0,1.0,0.0,1.0,0.3395289191306933,0.10814594233719865,0.5065012010369253,1.0,109.70512411917719,0.03868495825719154,0.0,1.0
1.0,1.0,0.0,1.0,1.0,0.0,0.0,1.0,1.0,0.5437624559186557,0.1002318781762861,0.9321617192136323,1.0,16.202888517393106,0.38729117367532995,1.0,1.0
5.0,0.0,1.0,0.0,1.0,1.0,1.0,1.0,1.0,0.3607884010787267,0.6122090632572158,0.15288711564799817,1.0,26.995878075329777,0.12785381790869554,0.0,1.0
3.0,1.0,1.0,1.0,0.0,0.0,1.0,0.0,1.0,0.23000045254839985,0.0057209315419646245,0.6513198972262393,0.0,28.123129995723758,0.8590463297066561,1.0,1.0
3.0,0.0,2.0,1.0,0.0,1.0,1.0,1.0,0.0,0.2147536658250827,0.8344737434626284,0.4202902600542552,1.0,97.11879883586114,0.8636230009199534,1.0,1.0
2.0,1.0,1.0,0.0,1.0,1.0,1.0,0.0,0.0,0.6616750607175304,0.3110417050569839,0.3200109892470634,1.0,18.61088934330131,0.058133791026828585,1.0,1.0
1.0,1.0,1.0,0.0,1.0,0.0,1.0,1.0,1.0,0.7023961425404268,0.5570659326839171,0.8529561136737488,1.0,56.759026631676775,0.48537237120455046,1.0,1.0
