left_wrist_dist,right_wrist_dist,torso_height,left_arm_angle,right_arm_angle,wrist_hip_ratio_left,wrist_hip_ratio_right,arms_crossed,is_theft
25.939041788178862,33.23843992862611,14.366666666666617,13.01163364491064,23.664214183627877,1.8055017485971427,2.3135805054728227,1,0
49.46330008759578,41.911722703797324,1.75,45.47517382836105,41.976155595190804,28.26474290719759,23.94955583074133,1,0
13.081050756299694,47.98488766731087,4.366666666666674,172.34413290315695,124.10178933365941,2.9956604785419096,10.988905572666592,1,0
7.694298033103615,51.29940437167756,14.366666666666674,102.064446474128,79.86548995429925,0.535565988383082,3.5707242022049326,1,0
24.562392210676702,13.383613529652969,-1.1166666666666742,32.94223180068526,38.11094533065757,0.0,0.0,1,0
6.328506932918709,13.082515898030593,0.283333333333303,99.15280199147095,74.48183944283868,22.335906822068424,46.17358552246586,1,0
66.16284833650984,53.77546166959218,-1.4333333333332803,71.17997585451828,25.218058345412675,0.0,0.0,0,0
22.547197411454718,45.14776357202595,-10.116666666666617,157.68792835663766,141.51474853146556,0.0,0.0,1,0
37.21508430730741,4.722081697255497,-25.78333333333336,70.71741894428149,22.986456990012417,0.0,0.0,1,0
17.17119681326841,43.41552461709728,19.51666666666665,176.05022914583995,127.44365693206365,0.8798222107567082,2.224535847161263,0,0
5.205045629002722,21.33729780871458,-14.516666666666652,124.13005873332374,64.20730476691433,0.0,0.0,1,0
66.47205344269791,32.339045887114345,-25.649999999999977,93.95111387502509,21.832341312487387,0.0,0.0,0,0
18.32395214527212,27.33505075905293,4.9833333333333485,4.515779125762469,21.37723279020628,3.6770472532318523,5.4852944666995676,1,0
30.91020148034558,73.97418844134458,-1.4500000000000455,139.72221796486008,53.85729109431949,0.0,0.0,1,0
27.82808832816226,31.24343931131783,39.883333333333326,43.01579281070433,75.20950398669854,0.6977372752568892,0.7833708143247263,1,0
8.713495280310902,16.08734837621722,15.649999999999977,9.106978868609179,46.92266530274726,0.5567728613617198,1.0279455831448718,1,0
56.948826931631224,54.63687196187005,18.566666666666663,8.455268439092185,38.732154083957376,3.067261773696476,2.94273996203968,1,0
32.62774041279053,15.379730527909523,15.583333333333258,5.1175026488645114,30.040420867269905,2.093758743066782,0.9869345793310972,1,0
49.60329570143947,33.939820106902275,-35.799999999999955,12.189157644964832,54.88499868784268,0.0,0.0,1,0
61.40586743590189,74.24739800902864,-15.383333333333326,46.41977391738679,41.71070671552387,0.0,0.0,1,0
7.54403738060728,46.84396379945274,-37.39999999999998,43.26062646768478,23.51227642533143,0.0,0.0,1,0
2.5115842720393817,34.4432907512882,-13.600000000000023,30.084861684728974,145.9315309586039,0.0,0.0,1,0
10.63320271602116,46.03023764633175,-21.466666666666697,66.67358253451364,20.86506929026006,0.0,0.0,1,0
39.46614934908701,33.3284371404094,40.5,33.82274914641312,120.94146683293938,0.9744728234342472,0.8229243738372691,1,0
14.827470751577609,33.59349308687291,19.383333333333326,41.58166967851929,95.89354857320147,0.7649597980177617,1.73311228307169,1,0
55.48090011686701,38.99954771817519,-8.783333333333303,26.381810854160456,29.834552035424974,0.0,0.0,1,0
46.317323373058215,49.68949139964665,-3.75,28.507645340855838,110.81275775873509,0.0,0.0,0,0
36.82935498877069,24.918115899882995,21.866666666666674,37.76463913665073,16.05886502703612,1.6842692830230492,1.139547983226356,1,0
42.134932063550316,20.332821031797618,-45.76666666666665,23.03730596596182,7.197082532531919,0.0,0.0,1,0
10.176252311686778,12.478982330302406,-5.066666666666606,11.57542334095064,19.377666591212115,0.0,0.0,1,0
32.929221234507054,13.890294373330525,16.333333333333314,50.08680461779032,154.40023231073042,2.016074769459618,0.850426186122278,1,0
16.44631839923114,28.20183701660427,-9.416666666666629,2.944549533972505,26.912275648427883,0.0,0.0,1,0
37.06220371813369,59.198679133162344,3.1999999999999886,86.27744237471124,22.7117447647689,11.58193866191682,18.4995872291133,1,0
8.925929767941378,31.23447169750466,7.166666666666686,47.344827786835566,138.68757460276387,1.2454785722708868,4.358298376395988,1,0
25.146680805934437,29.734005971464864,18.16666666666663,135.88717488217063,66.70998318836915,1.3842209617945591,1.6367342736586197,1,0
32.81469860358983,29.705592440182393,9.233333333333348,79.97051355483302,10.991925401708869,3.5539384769230806,3.217212177637077,1,0
63.46670168066264,35.36892861129828,-4.56666666666672,1.3049692358457436,53.84302554655336,0.0,0.0,1,0
22.316971618528903,21.344176931633783,-20.216666666666697,30.098343440678132,169.06264092620606,0.0,0.0,1,0
46.63493266259154,4.430606931084989,23.133333333333326,60.04318190291684,54.47263771262601,2.0159192793627474,0.19152479529185837,1,0
34.90544768052374,26.741171959691243,-2.53333333333336,48.22269327153914,17.799162839506533,0.0,0.0,1,0
30.390097985290435,29.97089792152083,0.8833333333333258,164.31578723655713,97.1518899721606,34.40388451164984,33.929318401721986,1,0
34.491742167912875,20.098320825382412,1.1333333333333258,125.08346718202536,15.731040116951874,30.43389014815862,17.7338124929846,1,0
24.19015525190175,3.7058887073293243,18.23333333333335,47.033820641647935,149.4317110893909,1.32669955677706,0.20324800954274155,1,0
30.61399915797419,45.64474230401568,-11.050000000000011,179.1429978050363,51.808341913601254,0.0,0.0,1,0
7.476500221063061,39.784017589423485,1.566666666666606,43.15522771904211,20.465001061788925,4.772234183657457,25.394053780484057,1,0
16.91995042020579,59.967187787248356,-27.21666666666664,150.012044648723,43.322046384324,0.0,0.0,1,0
15.75141087155191,30.340809518241663,-11.083333333333314,38.209372054380054,80.11579822151563,0.0,0.0,1,0
6.134442834429993,34.44233909336334,-15.416666666666629,46.76231923432142,101.44710986452411,0.0,0.0,1,0
8.012663588206928,11.173505368603967,43.633333333333326,96.54356798844542,71.33574297462425,0.1836362930834285,0.2560772811750337,1,0
16.588692601354175,16.5993390095978,18.05000000000001,38.494809951665026,147.23713511565157,0.9190411413492612,0.9196309700608193,1,0
16.77313493523364,21.58685942882846,-22.30000000000001,0.27988388617170873,40.49900203260921,0.0,0.0,1,0
8.72216206631773,19.974330749461657,-1.6333333333333826,102.34796898489022,22.53671288110255,0.0,0.0,1,0
12.639466409271787,71.68761321796737,73.46666666666664,155.21476535787673,136.1188202528903,0.17204355366522403,0.975784208955999,0,0
28.100835297984407,43.364287021567534,13.283333333333303,11.031650188279624,26.239559576054827,2.115495756435468,3.26456364026858,1,0
36.06340866369185,4.168999347032265,29.25,107.28131801476592,35.070467606774905,1.2329370483313453,0.14252989220623127,1,0
66.37280651324339,25.952017690773538,-8.383333333333326,85.73277372498839,39.85973833839411,0.0,0.0,1,0
22.051883265507193,25.853347086123243,-2.5500000000000114,59.42693307729934,1.150152317407162,0.0,0.0,1,0
18.528011825941334,38.695571093113706,-3.6999999999999886,44.7736350602994,92.39572502670757,0.0,0.0,1,0
19.13057471402489,35.309693349623494,-14.449999999999989,76.65396804980833,173.47702831114017,0.0,0.0,1,0
19.876353902173424,25.777434145219175,-16.26666666666665,11.607803994025787,112.90243799439207,0.0,0.0,1,0
16.785741303591937,43.791386773605986,-11.483333333333292,144.97710507479871,110.50760988720636,0.0,0.0,1,0
18.461040057374873,26.164012604253898,15.533333333333303,16.60123676386877,16.743608825237832,1.1884789736507453,1.684378493836091,1,0
46.363497375509596,54.819425794552465,12.066666666666663,129.63161358098662,57.37116859312175,3.8422787880256584,4.543046336565123,1,0
29.136479616529567,33.02559613390808,6.866666666666674,158.86660157478522,97.31230180743493,4.243176643183912,4.809552835035152,1,0
21.726085192178072,12.840409304656601,-9.166666666666686,123.51888178622795,176.6828443837529,0.0,0.0,1,0
9.990773521382383,8.557323049749712,10.350000000000023,18.400093401752002,7.99506019422774,0.9652921276697933,0.8267944975603568,1,0
35.695323378716026,12.512771253581077,-29.26666666666671,147.94639163677317,42.26022224487821,0.0,0.0,1,0
55.02061482349644,30.37042146563,24.083333333333314,179.16892710193468,2.545892765924342,2.284593003051757,1.2610555625867137,1,0
35.47656894972293,12.48667067093726,-11.46666666666664,88.15823289888836,21.045248761667366,0.0,0.0,1,0
15.838157159916776,17.702683412409485,13.533333333333303,127.58236935964301,31.54673819148389,1.170307179304198,1.308080055104152,1,0
36.21462258382499,45.716639324332604,-21.633333333333326,12.761602687325217,100.80078867243749,0.0,0.0,0,0
35.86160512612651,62.14920442862575,11.96666666666664,51.7433610836165,90.62528496198712,2.9967915147180997,5.193526832475701,0,0
34.32803357154161,48.815872873937685,-9.233333333333348,19.860130722013913,45.08684774924584,0.0,0.0,1,0
32.49644424993121,27.627542618030887,24.0,8.278073839962136,24.608986631585744,1.3540185104138003,1.1511476090846202,1,0
33.53675429866294,29.170885409180734,16.949999999999932,24.903742960623998,8.369583875967137,1.9785695751423644,1.7209961893322037,1,0
16.00064234821699,88.6693013393023,-15.983333333333348,18.852286298950368,117.30031665171752,0.0,0.0,1,0
38.75141574474696,39.36524129510985,-1.6999999999999886,22.279304938820435,118.68572180577864,0.0,0.0,1,0
62.33116974854736,12.383109015464953,9.25,47.83731632080236,11.294125769851547,6.738504837680796,1.3387144881583732,1,0
31.23908698338597,16.783407811817504,22.48333333333335,72.75943327188762,28.803674950655513,1.3894330756139044,0.7464821858480724,1,0
37.72529728916071,54.31403798487296,-40.53333333333336,31.735142632957302,19.756440591286253,0.0,0.0,0,0
3.3163316413705655,24.317968893620872,5.966666666666697,51.860958815440775,39.39881644996393,0.55580977229674,4.075637244740908,1,0
17.12647398360537,30.154831932691792,-4.816666666666663,18.585744792915033,74.65358486608896,0.0,0.0,1,0
23.723669614964763,16.855768877284863,-3.2333333333332916,101.76724333302604,7.400020500009795,0.0,0.0,1,0
26.576357496424894,6.864765108873012,-23.73333333333329,81.53765806827779,18.76683566159139,0.0,0.0,1,0
43.135951105519595,29.584629079604483,28.166666666666686,122.11039624385606,81.84782149465582,1.5314538854030615,1.0503418608143595,1,0
27.271515461293227,33.051021164254536,28.700000000000045,17.205558401706902,86.93837845909165,0.9502270195572537,1.1516035248869159,1,0
14.50158995114368,17.9200849452352,-0.9500000000000455,157.8010874233306,24.91015561349327,0.0,0.0,1,0
19.725927664427385,15.10926867852974,23.133333333333326,14.020248610394582,17.21252632129707,0.8527058068196278,0.6531384154984039,1,0
36.78618777627161,67.01868106066483,-14.28333333333336,137.1916750136655,164.6543056793527,0.0,0.0,1,0
19.83690444040545,54.60405459100798,13.350000000000023,161.569599622171,39.60545985440727,1.4859104449741887,4.090191355131677,1,0
29.656074888254864,60.07120312133302,-19.0,46.24885361124599,84.99889436091689,0.0,0.0,1,0
35.49125087805289,18.880471980917818,-25.44999999999999,28.028847670114935,3.673767491823288,0.0,0.0,1,0
23.395589565367047,42.601176952964295,7.0,65.16221228972155,88.46048988969243,3.342227080766721,6.085882421852042,1,0
18.23587733623536,32.990848899522256,5.416666666666629,24.91602688999888,12.564996859162058,3.3666235082280904,6.090618258373382,1,0
16.62686079811821,61.30920041523584,23.883333333333326,20.61164792670359,49.4727645214997,0.696170026439004,2.5670286286909643,1,0
17.78445794632055,29.667738744673883,-19.98333333333335,54.357670576518096,32.144272776978546,0.0,0.0,1,0
21.8095608494175,25.0389751742713,29.916666666666686,32.51141326554848,150.5515104275433,0.7290103905097768,0.8369573874408229,1,0
47.180589817800666,61.61301494904394,-31.033333333333303,6.112551078236172,9.24152078770522,0.0,0.0,1,0
20.334822349851,47.85253389320156,-17.80000000000001,16.682912408623853,28.206264473476285,0.0,0.0,1,0
64.84775332354324,18.7001188350353,24.450000000000045,154.67415207748294,16.595653416717543,2.6522598496336656,0.7648310361977614,1,0
2.013565108071827,46.95147613346262,23.01666666666665,150.52422591728575,101.98309147536754,0.08748291562947842,2.0398903461316142,1,1
6.33388155521989,59.26353806890415,-52.76666666666665,81.0612322188511,10.515057099204945,0.0,0.0,1,1
5.44354867914509,15.44038715691921,19.333333333333314,149.9982682946916,5.1025520349369105,0.2815628627144015,0.7986407150130633,1,1
48.863145052733216,13.05059598468803,31.73333333333335,32.48308349362065,134.6205129076522,1.5398049911575586,0.4112582768284041,1,1
39.6387752081217,26.957440737412618,35.450000000000045,90.40116965169707,77.88951278926075,1.1181600904970845,0.760435563819819,1,1
37.12611015923367,13.120096967798853,29.366666666666674,71.11146148076554,16.51608500637511,1.2642262256265717,0.4467683416957611,1,1
10.777819301179994,34.78740592673031,21.23333333333335,11.431933780758952,47.238406663337344,0.5075896060210354,1.6383393686058219,1,1
2.7732852559935193,9.653784519842727,-12.999999999999943,25.2608153445827,96.94400742558273,0.0,0.0,1,1
7.887683789019154,4.9988887654046295,9.816666666666606,13.32695095027708,44.03245298182289,0.8034991975231786,0.5092246620106615,1,1
25.20954955743733,14.681100851851113,-21.333333333333314,33.806130238550885,9.075893523708242,0.0,0.0,1,1
18.28235336176514,13.929425289253262,-16.69999999999999,0.741205078946787,41.56761862231707,0.0,0.0,1,1
28.996039001521808,11.200359617242407,-25.68333333333328,32.66750260271165,35.43304278380899,0.0,0.0,1,1
19.95200491178767,17.49353055020946,18.81666666666672,0.480181727225755,48.02564358139654,1.0603368420790584,0.9296827573184806,1,1
11.255270370413626,7.801566794205198,-15.033333333333303,27.81098311339791,54.56045307047025,0.0,0.0,1,1
9.515440668256538,19.02288826066579,-25.43333333333328,129.23529592859768,80.4633027031175,0.0,0.0,1,1
18.410179853065564,9.620940702446928,-18.44999999999999,51.08902576893203,39.19366642767632,0.0,0.0,1,1
4.8333333333334005,35.65839467938942,-12.799999999999955,43.47571106280408,126.61389254186206,0.0,0.0,1,1
22.35973563747514,13.629420791475713,-14.516666666666708,66.04984452833749,63.94036626385812,0.0,0.0,1,1
12.13169631813936,3.9400014100392604,-27.916666666666686,21.795093250786923,78.13783112932585,0.0,0.0,1,1
47.69499449627812,9.355108527192822,8.133333333333326,29.12540020761427,28.692958868987876,5.864138667575184,1.1502182615401022,1,1
35.40042764964538,25.683679426610375,-6.133333333333326,62.736206839944636,4.603676913431421,0.0,0.0,1,1
45.96799913466375,19.350459368650107,-3.3666666666666174,69.75196400710031,51.031282704003004,0.0,0.0,1,1
4.494842723734725,14.752711615157372,25.583333333333314,24.904555329852073,29.88642906091981,0.1756941781264389,0.5766532227423081,1,1
14.102836594104094,2.8944391128123166,-5.766666666666708,7.429435422731013,22.483961999778472,0.0,0.0,1,1
12.21480204051172,6.5651648028734515,36.98333333333329,65.01821973652459,115.25789278203294,0.3302785590043732,0.17751684910879115,1,1
39.12487131679229,43.78438331439901,11.533333333333303,139.17522393208668,30.397712891939868,3.3923298829588777,3.796333813387207,1,1
11.583764979967034,25.692265373065148,-29.749999999999943,132.37222064003655,61.71925354296883,0.0,0.0,1,1
4.317181436487828,28.768564054846067,26.23333333333329,83.96423667965719,165.6105839584662,0.16456854268695684,1.096641577694261,1,1
13.914420976494569,61.85402169624868,14.600000000000023,38.75416899525497,54.164418140406916,0.9530425326366128,4.236576828510177,1,1
35.87634627748794,30.319557311338773,-12.349999999999966,73.59789160063296,178.48278940606443,0.0,0.0,1,1
20.714621781619744,19.265455555936832,-15.149999999999977,11.148983516296012,156.17210417843896,0.0,0.0,1,1
31.88937910966594,36.78605185543989,-24.26666666666671,59.96863731455536,36.851870311590154,0.0,0.0,1,1
38.232112738435575,12.233151678941963,24.75,7.516073204655801,2.3390705572388666,1.5447318278155788,0.4942687547047258,1,1
25.00599928017272,1.3270686158262803,4.93333333333328,48.64495857621819,94.84781000149484,5.068783637872903,0.26900039509992457,1,1
25.599072248814046,11.900945340602172,-17.41666666666663,6.295809905944606,3.83753511274192,0.0,0.0,1,1
4.764247637933561,32.52051062193074,0.783333333333303,60.06465612531171,111.01990444411473,6.082018261192015,41.51554547480681,1,1
23.28931562374092,14.476379228092737,37.616666666666674,0.30655670495162984,63.85741918415664,0.6191222584955494,0.3848395009683492,1,1
4.891517601363096,34.1823581853434,-42.91666666666663,74.23475610919604,101.48428910808289,0.0,0.0,1,1
53.09960504142719,42.134470580643494,-14.31666666666672,59.27476524388981,85.25147934860739,0.0,0.0,1,1
41.831739677479895,14.901640476433766,-8.46666666666664,105.3514270234543,45.91824651121823,0.0,0.0,1,1
12.67565470586125,30.28035666896938,-14.833333333333314,94.99646111917336,75.66191645765706,0.0,0.0,1,1
27.467278512602714,13.126023769596015,10.049999999999955,121.14695049783141,20.85978079043176,2.7330625385674465,1.3060720168752313,1,1
22.109607011935353,8.979065157972293,-4.599999999999966,1.6743269909976095,39.529109347743216,0.0,0.0,1,1
15.886402291827388,23.341807984815595,-1.9333333333333371,20.340241372951013,35.60869490381678,0.0,0.0,1,1
6.129890337971449,15.413990758759093,21.866666666666674,92.44823951826707,136.28306461085253,0.2803303508218649,0.7049081139676412,1,1
30.76628746606329,4.2662760237836554,-14.78333333333336,156.67986580037788,63.65899245907047,0.0,0.0,1,1
30.354594197400953,13.945977118071605,-17.01666666666665,115.49170025056735,12.173829760136924,0.0,0.0,1,1
8.400066137305753,20.53722906766577,-15.149999999999977,158.2752150051683,23.52849784184481,0.0,0.0,1,1
35.34862876485531,9.871282703996576,22.849999999999966,50.376956557128246,168.5605290388939,1.5469859415691627,0.43200361943092297,1,1
5.750966102413686,42.536432097151234,-16.01666666666665,53.706767711633525,16.919152719465153,0.0,0.0,1,1
47.10415173964086,24.06530467060178,-11.116666666666674,115.2727116945479,19.442015861621964,0.0,0.0,1,1
5.599231098007013,9.776402996785434,-36.26666666666665,15.020590415903957,27.23106274180337,0.0,0.0,1,1
11.63773794362309,32.153386723295206,7.066666666666663,98.2842278480097,137.0087330095491,1.6468497090032683,4.550007555183286,1,1
14.598630072715709,26.504108696158315,28.21666666666664,22.299007101750696,39.833727583644695,0.517376139611898,0.9393068646010044,1,1
32.47611515491891,11.343341169553609,-18.183333333333337,79.21836364694794,21.462007872140298,0.0,0.0,1,1
14.23099122025978,25.345896007922928,6.433333333333337,1.2610920011420028,19.948473762906183,2.2120711741336434,3.9397765815424215,1,1
17.134314174259213,11.585443452885187,-5.099999999999909,114.73931167227006,17.203341382540817,0.0,0.0,1,1
16.81699702351427,50.292359150162014,-19.68333333333328,15.23394870104025,56.832104886779355,0.0,0.0,1,1
5.853394077133555,12.900689042751889,10.716666666666697,5.067684836566043,8.73680951881218,0.5461954037760689,1.2037968002567825,1,1
25.682203089991244,34.43270409234674,-17.166666666666686,4.426591851649419,45.05783335564964,0.0,0.0,1,1
36.797376869071044,17.822777249600822,-0.6333333333333258,136.0641782631768,36.42958272247292,0.0,0.0,1,1
28.852291455311114,2.7570616403861243,12.75,168.53415826713942,42.56942644850853,2.262924820024401,0.21624012865773523,1,1
7.264544797240313,16.56908936007719,-21.633333333333326,48.105149300356935,26.347351511268787,0.0,0.0,1,1
4.720905045057012,41.312713270587494,-10.183333333333337,100.93246972985033,91.08006453505496,0.0,0.0,1,1
38.40401093057278,9.451469609419384,-5.116666666666617,0.7559315276821708,55.95440465861246,0.0,0.0,1,1
27.671806751437224,1.4727148022916643,6.933333333333337,39.96273734238939,5.933270037874906,3.991125973764982,0.21241078879206685,1,1
26.912409364041974,18.50075073551827,-1.0666666666667197,88.71387397996794,0.11758132323534178,0.0,0.0,1,1
3.966806720216572,48.2037919209221,20.94999999999999,161.36681780976508,12.571718538886332,0.1893463828265668,2.300896989065495,1,1
30.910682259985474,24.225841345325605,4.03333333333336,144.50184008729013,160.4532717483388,7.663805519004613,6.006406945122011,1,1
19.68203495576616,18.36513151479062,19.5,8.015315345864419,15.588044550997282,1.009335125936726,0.9418016161431086,1,1
45.60375228226532,17.327082206123933,-45.566666666666606,0.03757431493260995,19.902470317141756,0.0,0.0,1,1
15.16015427948466,25.647963965109533,16.633333333333326,8.078763054759913,73.5816509505114,0.9114321210111022,1.5419617614294314,1,1
35.6864781425994,7.248084038021557,39.01666666666671,8.375871482931668,39.59461143961928,0.9146470262947294,0.18576892023976632,1,1
14.029146247881414,6.939120181182119,-4.800000000000011,13.236690019979946,88.62253944332784,0.0,0.0,1,1
16.443100545686516,14.365158466852236,0.14999999999997726,66.1081621284505,62.180887351003875,109.62067030459339,95.76772311236276,1,1
27.112215369132482,6.223253882727989,11.416666666666686,103.48383966911611,17.457382043307724,2.3747925870772937,0.5451025298739836,1,1
11.534537509391356,27.821354707809913,26.41666666666663,171.24372287614622,26.770187060854553,0.4366386438886324,1.0531743107057396,1,1
7.674778317464411,38.98947151333148,-22.16666666666663,2.5871438781537752,50.827609199763714,0.0,0.0,1,1
10.060166223499717,15.285296129868668,-0.9333333333333371,27.74119815136657,41.853427198003324,0.0,0.0,1,1
27.087845777929456,16.394045328174,-30.51666666666671,40.38875300063208,24.44999722125272,0.0,0.0,1,1
20.183298926477747,23.382091912876835,29.433333333333394,10.658674971225249,119.82536242879547,0.6857292953503185,0.7944085587613857,1,1
58.32472555538615,12.711423121656258,-11.566666666666663,7.937356476323698,152.41909340633563,0.0,0.0,1,1
44.776422987500375,10.744365448405414,15.066666666666606,28.676943087525718,74.14116381211537,2.9718864814712758,0.7131216005578843,1,1
19.868456295232352,42.120633634571305,-18.350000000000023,53.32684155743325,138.36858022668213,0.0,0.0,1,1
28.27315177179778,13.776792079435598,12.716666666666697,109.55789630043844,48.97651304681527,2.2233146871662686,1.0833650390119711,1,1
24.14443230045203,36.76807567563048,-30.316666666666663,32.498059755207,24.18319150062006,0.0,0.0,1,1
5.576239274317847,26.06847819792241,13.316666666666663,26.318451669268107,97.58743151270903,0.4187413722892001,1.9575828433984293,1,1
30.1398223101744,9.94635611668912,14.93333333333328,32.2550631907537,151.2439167645485,2.0182916725563285,0.666050632814006,1,1
11.519753566036988,18.751985080104028,19.066666666666663,13.216793863067137,29.48111291757689,0.6041828793376044,0.9834957209844771,1,1
9.293680648698881,25.55530495046204,-32.849999999999966,45.95298614666667,22.36631398453441,0.0,0.0,1,1
6.41950153828159,18.413310403075304,-31.933333333333394,178.03300807161463,104.45721393303006,0.0,0.0,1,1
22.8737416168749,13.262991534508535,8.133333333333326,30.504244835867784,100.22894988117626,2.81234528076331,1.6306956804723622,1,1
31.429515498086232,35.94299499052478,-26.133333333333326,23.274307811989072,40.716201436121544,0.0,0.0,1,1
51.42883162412136,63.78438723979055,42.383333333333326,23.88080296184321,36.71083301546644,1.21342111578737,1.5049403202467297,1,1
8.891256629096054,19.095927430854076,-47.0,60.003965729286314,4.376213053660342,0.0,0.0,1,1
12.647847862603179,47.50731230265741,11.949999999999989,28.889112722226635,114.49194840308482,1.0583973106780913,3.975507305661712,1,1
2.289407977816321,11.174437594597594,-19.716666666666583,22.64702464255093,40.37585900275986,0.0,0.0,1,1
9.331383724947893,12.66018474500977,-19.399999999999977,11.774302211347969,35.951700549648294,0.0,0.0,1,1
15.792341674227936,12.192130886582408,-16.900000000000034,38.49034580648609,4.520761946626338,0.0,0.0,1,1
13.629787639985855,19.97787665282667,9.699999999999989,31.939689678604918,44.75651463275892,1.405132746390296,2.0595749126625456,1,1
108.52425484143578,93.75878329225718,132.53333333333336,138.9513783816383,154.65521643335413,0.8188449811979559,0.7074354876176345,1,1
159.7029916925652,109.08349503425755,165.2166666666667,168.0201613183127,32.62005660624794,0.9666276103655715,0.6602451025981491,1,1
139.68236288093064,122.07650720392974,151.11666666666662,94.55863169538178,55.06828534342061,0.9243345949989898,0.8078295392341223,1,1
78.47513760562784,87.3906713811288,87.89999999999998,19.926450009047343,179.64661146069997,0.8927774471630018,0.9942055902289968,1,1
123.48453794346523,149.36899127849642,116.39999999999998,3.2960218991418504,33.45502724153597,1.060863728036643,1.2832387566881138,1,1
127.37584368927868,108.35342377813654,108.98333333333335,176.34663790768317,27.51331208180381,1.168764432077798,0.9942201294828249,1,1
91.8660694828195,121.95373098023693,126.58333333333331,41.78959848614628,8.156524185601837,0.7257359011150982,0.9634264461901536,1,1
140.49920620574494,100.00205136784832,154.61666666666667,44.774425189973925,156.39779883724728,0.9086937988945453,0.6467740737383744,1,1
129.87011567117523,174.3310109787954,139.83333333333331,87.70566636138996,47.731228668789946,0.9287493373385596,1.246705680420468,1,1
156.21490361393532,112.99330609475155,123.63333333333333,112.20659786621995,29.317179469771112,1.2635338658447182,0.9139388468165399,1,1
116.14577526156998,82.85361924636862,125.33333333333337,141.44524205029137,52.81079380658036,0.9266950153848665,0.6610661110082601,1,1
108.2534936567356,129.59085187191607,130.0,110.66855663651415,46.560245126253456,0.8327191819748893,0.9968527067070467,1,1
102.16731919313095,154.50704766378058,173.71666666666664,69.83901969876183,25.3946413615317,0.5881261778363099,0.889419827288385,1,1
135.04413373247857,139.25782343871705,141.89999999999998,30.293886841408543,2.9123221539748467,0.9516852271492501,0.9813800101389505,1,1
70.95930954505623,111.34421229283141,104.38333333333327,52.9841795355137,1.3576296186401822,0.679795397206351,1.0666857316892686,1,1
156.80819139601374,147.2688320347822,169.43333333333334,22.32872246242396,97.09594935183887,0.9254860794570946,0.8691845290268475,1,1
92.7662489510298,91.25564974899422,77.59999999999997,124.64097666184183,1.379008546667093,1.1954413524617247,1.1759748678994104,1,1
129.21866265279866,172.8194835337986,149.54999999999995,4.253730458034863,145.65308006725172,0.8640499007208204,1.1555966802661228,1,1
137.69290811238037,126.83663705727928,135.7833333333333,10.122520241426493,75.72036953888372,1.0140633959424112,0.9341104975373461,1,1
170.68708536708664,129.37106408398373,135.8,74.05355712826224,13.347605201914837,1.2569004813482079,0.9526587929601157,1,1
117.34721745505703,89.21361692277948,104.04999999999995,56.2465077807413,58.98648651129936,1.1277964195584536,0.8574110228042241,1,1
130.7789536669499,134.39331270565512,136.51666666666665,13.853195040269167,78.48931604851617,0.9579706043238914,0.9844461924477241,1,1
108.61407341797117,140.56726049198727,132.29999999999995,77.49931581719353,145.6537591098251,0.8209680530458897,1.0624887414360342,1,1
161.1985051281666,122.83962557379888,149.95,26.751095916156075,25.93019578044543,1.0750150392008444,0.819203905127035,1,1
160.97541306395556,157.70074068028694,148.51666666666665,34.26628800989547,5.946759677437611,1.0838878671122585,1.0618386758856713,0,1
75.28187770712891,135.44201301253938,117.16666666666669,58.01735881264707,32.247137146143054,0.6425195821376578,1.1559773514583729,1,1
110.24831190443591,148.16024076804294,151.9333333333334,62.368543587177356,29.144808443154425,0.7256361029252032,0.9751661305487684,1,1
124.29281064396997,159.79475203453265,110.5,77.96005171747467,100.31771222767615,1.1248218157825336,1.446106353253689,1,1
107.23847386911926,136.79313762027687,113.0333333333333,31.718304854453823,47.62514745434419,0.9487331807943317,1.2102017483362746,1,1
139.23114773641714,148.98353469800318,144.0,172.83674965250086,0.2644744966365703,0.9668829703917857,1.0346078798472442,1,1
146.19692199222246,158.17495236463816,150.19999999999993,140.74877624172913,0.3663318529170596,0.973348348816395,1.0530955550242225,1,1
115.56683972681975,140.85343840712983,161.11666666666667,42.74787770109321,179.7920975605545,0.7172866849704339,0.8742325751968335,0,1
123.01245307330107,180.55258775338675,143.24999999999994,177.5406323187146,78.99281341274896,0.8587256759043709,1.2604020087496461,1,1
104.63766317896992,96.27500252459673,140.93333333333334,67.1280638422509,29.164609543631727,0.742462132301111,0.6831244266172899,1,1
101.18733177187302,82.53586762398783,103.19999999999999,176.8780943573928,27.35822144222836,0.9804974008902425,0.799766159147169,1,1
105.96840330966585,149.91971647815004,119.76666666666665,82.0527929023264,30.541957624656987,0.884790453462281,1.2517649580697194,1,1
115.75357565871462,122.13790589147807,149.81666666666666,92.54488578911256,18.45439549805726,0.7726348358574788,0.8152491215361758,1,1
80.23309963959869,107.20700770005664,110.69999999999999,79.96445277157994,24.65472909241093,0.7247795812068537,0.9684463206870519,1,1
128.00544801773958,114.68626891558455,99.08333333333337,106.12799278105038,13.312721151908795,1.2918968681353022,1.1574728570117865,1,1
119.89347123360986,151.31725685533098,125.3166666666666,45.11968499940498,75.12372376536881,0.956724068894347,1.207479107769632,1,1
136.5994234980514,148.95932423912836,148.05,49.62239541421786,44.93162644107061,0.9226573691188882,1.0061420076942138,1,1
160.7353397496781,173.1776432196463,141.5,1.6653371857562753,114.8236627569044,1.1359387968175132,1.2238702701035076,1,1
157.0356337834753,147.43891861453076,155.89999999999998,12.546892914902374,18.95560938358181,1.007284373210233,0.9457275087526028,1,1
119.46419733311079,136.11591465446725,123.01666666666665,100.58337983261697,101.26283440595111,0.971122048501104,1.1064835224587504,1,1
111.59991661685451,156.40200783735338,137.34999999999997,6.031141586924796,113.01159946658493,0.8125221450080418,1.1387113785027552,1,1
146.32212276723953,152.50184425114347,149.56666666666672,84.94505539057867,56.01478533383519,0.9783070387825238,1.019624543689392,1,1
131.34913821990276,117.01202454828687,103.09999999999997,17.966505347323537,69.70297560853257,1.2739974609107934,1.134937192514907,0,1
129.50619461803538,134.00936949001408,162.10000000000002,117.4352575279779,14.860899563516039,0.7989277891303848,0.8267080165947813,1,1
121.9888610579762,111.75548706389718,134.0,4.573867510445961,170.07711169112187,0.9103646347610164,0.8339961721186356,1,1
135.4386669308289,156.11021124691226,126.7166666666667,40.69944477263412,130.15182167900196,1.0688307267985968,1.2319627350801965,1,1
130.81595425974956,140.3113462585578,138.58333333333337,5.804411438206274,45.05049898957399,0.9439515641112413,1.0124691251369171,0,1
139.58590544893852,99.75637267307232,105.20000000000005,108.6627849558651,5.547388854465305,1.3268622190963733,0.9482544930900406,1,1
150.37074645318782,122.90784375114376,109.66666666666669,41.74428064668738,36.62430009671012,1.3711618217615908,1.1207402165757787,0,1
109.71343101208919,123.09206694358681,154.7666666666667,50.3970465099058,13.3113593218636,0.708895742055282,0.7953396528769338,1,1
158.59424467629475,146.119908902852,139.8166666666666,73.4362289801962,31.128511845433703,1.1343014281294181,1.045082195037683,1,1
104.56755525071394,126.40406661004047,142.16666666666669,149.25059749069098,63.045575476239776,0.7355279384575423,0.8891259081597218,0,1
134.61413579396316,154.50972641084948,131.2,0.07800140200013606,18.168850102226852,1.0260223764783778,1.1776655976436698,1,1
185.58721295151534,137.68550415913634,144.54999999999995,79.71173668416743,175.41396984173065,1.2838963192771733,0.9525112705578442,1,1
92.76005186621137,143.96960520270326,113.75,68.18652653966885,136.94916713943766,0.8154729834392208,1.2656668589248639,1,1
112.45234669751349,153.2120761486436,143.43333333333328,29.496282763170733,36.59687724505851,0.7840042763015119,1.0681762222773203,0,1
149.9168000740559,175.67407716817218,141.36666666666667,17.090073236542725,48.35482434473257,1.0604819623253188,1.2426838752759173,1,1
130.389521136563,112.97466038403871,100.59999999999991,65.91115046976999,11.011464594432441,1.2961185003634503,1.1230085525252367,1,1
101.28843577734935,138.3174067136888,112.86666666666667,152.5843098621333,6.029063844214338,0.8974167375429652,1.2254938574750927,1,1
128.43463750527388,136.6390724174865,110.23333333333335,46.723363506537815,87.838618625182,1.1651161551733342,1.2395440497504064,0,1
147.78076291888905,137.9100451582681,119.88333333333333,47.03581234601016,24.549468734376905,1.232704820677512,1.150368790420699,1,1
113.59010618105002,181.12747199447992,181.36666666666667,82.51098905415016,90.04787455550243,0.6263008978922074,0.9986811541691596,1,1
155.3660426934477,129.19430887018373,103.53333333333336,55.3847463984396,26.216192585131594,1.5006378882174596,1.2478523071814265,1,1
132.913476450743,118.73590676604762,142.35000000000002,37.12186243953424,3.1298829707929543,0.9337090021127009,0.8341124465475771,0,1
146.36097404097245,131.17413892312092,125.5,73.4321835070937,2.1177972202384194,1.16622290072488,1.0452122623356248,1,1
80.40423565404443,132.59474180960405,108.56666666666672,70.2438953105791,43.66561725226407,0.7405978107526349,1.2213209254799262,0,1
136.4475122935963,163.2111660463898,133.31666666666666,63.23849909617897,175.92171575524648,1.0234842777366895,1.2242367749447916,1,1
167.77992364337805,139.7851069002385,140.18333333333334,15.074699981900997,17.418456977930152,1.1968607084297567,0.9971592455135311,1,1
159.38578373103277,137.8735541880474,117.83333333333337,123.71636965839681,45.110936354873836,1.3526374856947614,1.1700725956552815,1,1
100.45326718872259,131.60912244639852,108.03333333333336,26.582583995453707,12.758812933085201,0.929835857964109,1.218226989630347,1,1
128.36243825806503,133.6845457701741,128.04999999999995,33.96643186091921,75.67930171293727,1.0024399707775484,1.0440027002746908,1,1
160.77243147449818,115.6251474473534,116.15000000000003,10.11023341889389,64.36675317880317,1.3841793497589163,0.9954812522372223,1,1
161.4502649596945,109.5028982366322,93.25,177.1853709107161,77.55409508570806,1.7313701336160268,1.1742938148700504,0,1
86.53529947689302,158.67434592761222,114.68333333333334,64.09598887806342,42.19044244773409,0.7545586351712804,1.3835867977992635,1,1
165.87199967980666,122.45137016610127,109.21666666666664,68.90795081050771,1.449447832105144,1.5187425577275144,1.1211784236175917,1,1
137.43688753589973,154.5990450236424,119.89999999999998,117.74179568410838,62.87726448106722,1.1462626149783133,1.289399875092931,1,1
116.87253859559047,132.66151267208008,136.03333333333336,6.758024131553948,45.05694663213805,0.8591463263581753,0.975213276197599,1,1
151.55914228812165,150.9301319227616,136.25,1.1816196319131127,53.83325339624981,1.112360677344012,1.1077440875065072,1,1
161.8306427857359,145.51892297720067,126.4666666666667,159.36296629488143,13.901608218629788,1.2796308074781433,1.1506504189024827,1,1
113.99396304678204,118.18482817650961,108.51666666666665,120.08841349168034,31.286071195736472,1.0504742409471546,1.0890937936707998,1,1
154.83490311367854,114.46547514425473,114.95000000000005,1.12581191881092,42.01536502928329,1.346976103642266,0.9957849077360129,0,1
143.25121775708888,150.9179477214173,143.7666666666667,67.54576705500709,57.560042987842394,0.9964146841439057,1.0497422748997258,1,1
150.97117458493705,166.99606449121953,117.38333333333333,22.44528127125532,35.88514835997491,1.28613807682752,1.4226556679643863,1,1
134.63672315613684,142.02646271421085,107.36666666666667,3.3128926071181555,51.64629804781342,1.2539899704079804,1.322817100722237,1,1
142.29820995204247,127.81714586775037,129.16666666666669,5.958522876350779,63.20298337162368,1.1016635609190384,0.9895520970406478,1,1
122.97927783890172,99.61209487027395,112.56666666666672,21.719644055940826,21.427272220739837,1.0925017279144358,0.8849164483589627,1,1
90.36751198424253,174.3481717713151,121.41666666666663,33.27994169697078,77.57564109732422,0.7442760081063217,1.4359492527493354,1,1
120.37491548399016,130.23009231527266,150.48333333333335,31.15599059595783,23.299208440628448,0.7999219104041875,0.8654120654464901,1,1
108.66800101430243,128.45172028604534,163.58333333333326,2.73988184876887,27.6188828659561,0.6642975100212072,0.7852372101031813,1,1
177.8182163209258,96.01318919815134,104.31666666666666,133.9792076266949,15.440467982866291,1.7046002523175505,0.9204012385187859,1,1
158.0802231287786,115.03396237633473,152.25,114.02281210350229,138.39032160857556,1.0382937479722734,0.755559687200885,1,1
90.57355052969689,101.54592420290545,116.0,38.90357174114966,16.091092407621236,0.7808064700835938,0.8753958983009091,1,1
125.17866786672917,154.66885774310086,124.71666666666664,19.14810669496121,87.90211403909989,1.0037044062546776,1.2401618955747766,0,1
147.97748514929938,120.82795160429103,111.59999999999997,108.19945180989825,65.99264262820537,1.3259631285779518,1.082687738389705,1,1
107.97658310948722,94.91825284012674,114.30000000000001,19.697912789660773,8.445920929270434,0.9446770175808155,0.830430908487548,1,1
136.46387902217126,107.9018290958139,137.9666666666667,175.71308979955649,31.630026063183855,0.9891076034465177,0.7820862220039662,1,1
46.49116104761804,94.12359044244842,8.516666666666708,34.556900744159854,120.05482675701273,5.458844741403266,11.0516935940252,0,1
55.35099366768402,94.15099722136662,2.3833333333333258,6.52826075164238,153.30859566317375,23.224193147280083,39.503914918056054,0,1
51.28044082407162,17.541514251119306,20.466666666666697,39.53589129347601,161.09004312773612,2.505558997918805,0.85707724354003,0,1
54.16833074366937,53.068574609754755,30.68333333333328,23.03971776761407,72.14482220377772,1.7653991551440347,1.729557021502059,0,1
90.72111263525035,43.18307603165335,-14.300000000000011,111.89107382330391,165.17477500367167,0.0,0.0,0,1
110.15135168384357,76.06857469123204,-29.833333333333314,154.34368530964477,148.9760418817151,0.0,0.0,0,1
116.98870078392665,22.656676720119403,-19.333333333333314,62.71428371790289,105.78789092739977,0.0,0.0,0,1
97.0634443146452,74.97953054000801,-16.383333333333383,100.5784848684783,0.23370336849152046,0.0,0.0,0,1
108.7812598750355,56.19071938002253,-38.58333333333337,1.0579510541108352,63.283498417034,0.0,0.0,0,1
65.23116160581876,101.64471894244627,10.833333333333314,13.210607528540061,101.6609057028985,6.0213379943832805,9.382589440841212,0,1
79.4203234555097,65.07365058147569,23.033333333333303,142.86063669051947,2.823249183638307,3.4480603526270537,2.8251946706863578,0,1
47.824403928445534,112.35171091017895,-0.4500000000000455,95.7704099722146,91.4790957240651,0.0,0.0,0,1
32.072214523547416,96.800919704079,0.783333333333303,113.89407302353118,88.50698637824635,40.9432525832536,123.57564217542479,0,1
99.61655931063316,87.11070861585021,34.10000000000002,21.50319589675997,74.70053728870866,2.921306724651997,2.5545662350689193,0,1
79.53049904142296,42.619886464210815,-10.03333333333336,15.498747078287739,97.72270709612313,0.0,0.0,0,1
69.34407969602665,69.55889790514058,18.400000000000034,161.9385485515784,127.13516082157595,3.7686999834797024,3.780374886148938,0,1
87.7926930014363,21.622551242215195,5.600000000000023,146.3165037953527,20.20982971379616,15.677266607399277,3.861169864681269,0,1
112.43493427064581,48.50596755955792,40.23333333333329,140.3236937713785,1.252906068410242,2.794571688582749,1.2056164265010265,0,1
47.002567896753106,66.3389884524093,20.58333333333337,71.1363960711588,138.28460102716724,2.2835255658341547,3.2229468074044942,0,1
36.29515195663958,72.90139649630258,2.5,5.820257917024993,71.65445836382887,14.518060782655832,29.160558598521032,0,1
85.57768725290231,44.81994223805092,-5.71666666666664,89.31039336132822,126.29168649491727,0.0,0.0,0,1
99.72464311515208,78.0185875288703,-1.2833333333333599,50.45764900818169,53.74569842635806,0.0,0.0,0,1
49.494267344814794,59.540184842769136,-46.083333333333314,47.06946679060622,92.35043685547451,0.0,0.0,0,1
86.78840808413173,30.4117119252143,7.383333333333326,39.39831753877379,50.37032922217615,11.754637663765033,4.118967755108035,0,1
65.92070994763334,74.86393583621478,-17.51666666666665,106.23405752313872,164.9944977556599,0.0,0.0,0,1
39.34344855810737,90.83915118983059,26.083333333333314,15.196885537478874,137.4539479734867,1.508375024591977,3.482651163827373,0,1
139.7644933848047,19.19479819580759,-14.266666666666652,56.534019899130385,29.189178918455337,0.0,0.0,0,1
49.07274645304096,75.55004963598634,3.5833333333333144,144.53360348038993,8.15616737053009,13.694719940383598,21.083734782135835,0,1
81.632273370007,118.65023411504737,40.16666666666663,176.84377629901886,78.31644545837773,2.0323387560997612,2.9539477373040866,0,1
95.15994722337521,76.94410669801528,-11.616666666666674,39.03126501352269,18.36964887836361,0.0,0.0,0,1
55.81051523782151,76.5203259126474,-36.16666666666663,160.22684908209354,87.75518010512769,0.0,0.0,0,1
122.71712843409885,24.457201847763,-14.916666666666686,2.1945688422635725,9.001857154206204,0.0,0.0,0,1
69.57924538890097,56.15110813193661,1.349999999999966,132.50975043939076,105.8880766934516,51.54018176955758,41.59341343106521,0,1
101.170966410549,33.124479031542705,-9.199999999999989,59.858766437523016,109.56352412877908,0.0,0.0,0,1
115.08070839391128,63.237493273813115,-29.91666666666663,15.56846598526987,40.95362194808269,0.0,0.0,0,1
103.12065209689516,50.65242124299466,10.850000000000023,118.2446784558441,145.62208647792443,9.504207566534095,4.668425921013323,0,1
49.15999107223502,76.77716131767315,-35.80000000000007,47.60811210626314,114.37130779523618,0.0,0.0,0,1
49.051141112561744,80.65196146956929,13.950000000000045,22.079474383443017,17.53348860375122,3.5162108324416907,5.7815026143060235,0,1
120.8729590198826,84.51188608053246,-5.366666666666674,16.345914372578132,42.22426554491422,0.0,0.0,0,1
80.16316866935279,70.00340666313639,3.1166666666666174,178.00267109046612,177.00203643458676,25.720802781610924,22.46098609512433,0,1
107.11371164431853,41.50682005539712,25.033333333333303,63.76489989922063,67.83454785153484,4.278843341317656,1.6580620528121373,0,1
28.783410538402517,57.452736614059106,-27.01666666666665,44.96756980983928,135.79027451819874,0.0,0.0,0,1
113.43385860393614,45.598821256694755,1.1333333333333258,2.6583865089962453,43.737797727359165,100.08869876817963,40.23425405002505,0,1
47.893716242901405,77.41525294726414,-25.53333333333336,101.41445102461638,62.31078415554154,0.0,0.0,0,1
38.72194324783932,72.58310945239106,-22.78333333333336,84.72826870155134,78.2479568494537,0.0,0.0,0,1
152.89659541300745,42.118417718512525,15.233333333333348,33.97837970106135,166.19961337128032,10.036975628862622,2.764885189399069,0,1
58.66365996083093,49.17484112836566,31.56666666666672,65.96810162375475,65.92510232404618,1.8584052785902057,1.5578091170548756,0,1
32.497222103503596,116.954618454244,7.416666666666686,139.76251365165885,125.91414694459999,4.381647924067889,15.769162038774432,0,1
58.96562086881171,128.5190215061136,-24.91666666666663,20.960042587510728,29.936495882940697,0.0,0.0,0,1
101.49428692186459,52.547504962441145,36.64999999999998,106.61206692963147,82.20208473391659,2.7692847727657477,1.4337654832862532,0,1
33.11275350139949,63.38020195613138,-19.71666666666664,59.02024555456745,79.70758943865685,0.0,0.0,0,1
59.15617043048006,72.0098392196819,18.48333333333335,90.8814532891847,40.2761175464588,3.200514180188278,3.8959335916870246,0,1
71.21694749925123,21.909238284847394,25.18333333333328,49.23729058286652,116.70036555252557,2.8279396756817228,0.8699896076047957,0,1
62.36817208231206,49.88397649657763,-38.80000000000001,27.868751176177092,102.48453633262994,0.0,0.0,0,1
99.00462671567983,47.739716751940975,7.2999999999999545,107.4848788059237,36.20596801805099,13.562277632284994,6.539687226293325,0,1
80.28391979579582,87.62478086832644,19.283333333333303,158.69997338171717,159.3423777987597,4.163383913351562,4.544068152203625,0,1
42.90015863736531,64.00476761755942,0.0,66.96396146322853,117.17294987486191,0.0,0.0,0,1
94.14674715570368,26.71414523348178,-2.316666666666663,43.80683706743118,10.095232681185582,0.0,0.0,0,1
42.781200440276486,92.60482948769159,-19.583333333333314,149.88384598693526,24.257120957524183,0.0,0.0,0,1
19.08720484745971,88.38745040382645,-14.766666666666652,23.623347642269426,149.05376578451515,0.0,0.0,0,1
50.57279132322261,80.08499998265735,-10.96666666666664,161.34163802279505,47.41600635643375,0.0,0.0,0,1
35.394137932714195,92.08641171325019,63.666666666666686,96.61553137097046,75.45312604208324,0.5559288680531024,1.4463834300510496,0,1
66.01830133463835,43.5963874650182,-3.683333333333337,43.137704307895035,72.99676970547921,0.0,0.0,0,1
49.686360748644596,76.67931779676817,-12.449999999999989,67.23670514385421,9.675706581355277,0.0,0.0,0,1
61.53909777983064,93.32553836496798,-25.23333333333335,36.93202399644068,44.5679285145757,0.0,0.0,0,1
66.41663529903065,28.833940263361733,0.08333333333337123,56.81227784008063,65.58408628932736,796.9996235880053,346.0072831601834,0,1
59.608698563585875,70.61894025133925,18.083333333333314,152.53907481762081,122.1433199751998,3.2963335611199596,3.905194852608626,0,1
65.3557295796542,47.22576097851681,11.466666666666697,162.51513166773032,59.03445366750445,5.69962757962099,4.118525666731106,0,1
30.30330015031363,121.97247412610943,35.7833333333333,38.978044738733836,10.291544031387243,0.8468551509170095,3.408639239667709,0,1
86.94044577244303,5.455680016683958,-14.566666666666663,38.506460741551486,44.923910748750835,0.0,0.0,0,1
27.681828175016,64.4953594368532,-13.316666666666606,50.483915418766315,160.98270803879828,0.0,0.0,0,1
18.532404053441077,116.46697195151754,-9.200000000000045,173.25827153311593,37.90184680253785,0.0,0.0,0,1
88.45508904397629,12.106586820588356,-32.64999999999998,115.4067246811443,85.6026819196681,0.0,0.0,0,1
57.068002807566685,112.04096597028948,-20.933333333333394,45.886343425701604,59.86602821536511,0.0,0.0,0,1
150.8133402955823,86.10827325072907,27.783333333333303,164.40893241750294,72.57435093891353,5.428194611718625,3.099277981429964,0,1
54.52005237626896,74.37825623124003,3.9166666666666288,2.833893953459494,106.19048687341277,13.920013372664549,18.990193080316786,0,1
53.286609741827036,36.741113816056846,14.25,11.959796184099254,67.98501589639349,3.7394112099527743,2.5783237765653926,0,1
55.87233463690039,61.37937583405178,-27.416666666666686,54.0098235430358,78.49279110098314,0.0,0.0,0,1
69.52019091202531,64.68171001999801,-7.949999999999989,126.53015972317093,172.3033909952842,0.0,0.0,0,1
41.53277487586027,82.47516966403352,1.0666666666666629,154.27034352712056,127.38778604828903,38.93697644611914,77.32047156003169,0,1
34.348997235889,76.69201211483644,-2.783333333333303,135.60655177902163,83.16469589400471,0.0,0.0,0,1
15.289111957352052,95.24088903640313,8.250000000000057,63.13528161634901,106.69813844541729,1.8532256918002359,11.544350186230604,0,1
28.19517787770727,43.02384674676231,6.933333333333394,21.38162076150862,75.51099729083889,4.066612193900052,6.2053625115522015,0,1
38.12733417262622,43.23459584381213,1.2333333333333485,22.202274261102115,97.59305021385184,30.91405473456142,35.05507771119859,0,1
115.91255324597077,24.721245923294394,-12.300000000000011,109.47301742837685,117.84660508107113,0.0,0.0,0,1
66.48517169681938,113.17315764398867,25.73333333333335,115.77392008829497,30.83230752489609,2.5836206617934976,4.397920633833754,0,1
58.027412104586894,52.04953303238065,-12.449999999999932,31.56609147654318,33.99591969610377,0.0,0.0,0,1
40.396128802426404,75.93563429349592,-21.033333333333303,139.4086978125556,37.638196806035744,0.0,0.0,0,1
142.17431593333276,27.19547552238951,25.23333333333335,120.57726193291258,59.989071949103085,5.634385043593105,1.0777599282320804,0,1
81.65847748056808,38.304529033058785,11.46666666666664,26.728607022942697,22.486355239225684,7.121378850049559,3.3405112528830414,0,1
98.62093534787064,46.86098827620077,-6.433333333333394,9.1528720032884,106.51598448432492,0.0,0.0,0,1
118.79256079401601,87.29474497356645,-15.516666666666652,25.268972352233604,26.068831119015748,0.0,0.0,0,1
130.4656127533654,27.002232417997508,-31.066666666666663,151.8214209088874,41.10123851523434,0.0,0.0,0,1
27.87693690330971,93.92145802625606,10.68333333333328,54.929761850637746,105.42413570766648,2.609385669576585,8.791400127262701,0,1
83.22592578170709,49.7085198375937,-7.03333333333336,89.18860074760495,6.712083533823615,0.0,0.0,0,1
88.99561943027183,33.85722063148261,-24.23333333333329,98.30274212670228,34.10789749958749,0.0,0.0,0,1
75.8094119779625,49.52556298406804,-11.966666666666697,81.29331305981576,3.1811554676664993,0.0,0.0,0,1
63.7493289725033,79.37660059628543,40.133333333333326,30.587501490638864,143.1481405951294,1.5884384295474248,1.9778222739938234,0,1
37.19619529527778,139.79787095024813,21.75,37.88167931054438,2.6255224036265687,1.7101698986334612,6.427488319551638,0,1
79.10655612667146,118.49719405960631,24.200000000000045,94.05478179176171,129.09841230495405,3.268865955647575,4.8965782669258715,0,1
36.50796336265402,18.047291271052885,-22.683333333333337,4.702701939483963,1.1195217438671143,0.0,0.0,1,1
17.170776207136218,38.88793014691205,20.5,65.51654771020036,60.95868880468629,0.8375988393724985,1.8969722022883926,1,1
17.566793168424958,13.041003710519288,0.9833333333333485,39.150205759969815,13.383353158716682,17.86453542551663,13.262037671714326,1,1
39.53677964180246,17.28882908444386,10.883333333333326,59.16555230158067,55.12908881452437,3.6327822029221277,1.5885600996426223,1,1
30.388466379350074,15.182226450688995,-28.58333333333337,15.590927917376368,17.297890814183894,0.0,0.0,1,1
31.93935659965612,18.59026776449324,-9.166666666666629,22.518633088225613,44.963016866779576,0.0,0.0,1,1
14.557796689212388,19.004458541206688,-8.316666666666606,146.01171369556545,64.85608625283874,0.0,0.0,1,1
36.242186897469495,33.0622056802695,-13.133333333333326,9.480279197278232,107.83167626291302,0.0,0.0,1,1
41.181879780095365,50.450597397630325,23.133333333333326,34.90086799446971,158.22255979980173,1.78019653228078,2.180861558975375,1,1
28.478671356336513,35.83898017522258,-18.0,13.886588066468802,4.8267935981040235,0.0,0.0,1,1
32.22308092725531,37.20000373357213,13.81666666666672,63.7880891025612,37.1775151129208,2.332189210657794,2.6924007527313862,1,1
14.316618160569726,33.604794631454354,14.516666666666652,46.50301052912682,136.0148886147814,0.9862193910840236,2.3149112260473745,1,1
23.146982044702455,52.23577424630662,-7.616666666666674,24.899524343165858,8.296133460970019,0.0,0.0,1,1
30.515155615238555,40.23394434774922,31.48333333333335,49.90388159983944,76.320770762111,0.9692479284882544,1.2779442355028863,1,1
8.809543436271632,10.500330682623554,7.699999999999932,29.370553063175667,106.46784611177782,1.1440965501651572,1.3636793094316424,1,1
10.745089317657836,26.15157207936493,-22.21666666666664,67.44619613048678,31.929207575103305,0.0,0.0,1,1
22.545263114208456,45.5059092621802,22.816666666666663,56.2468270414403,72.79469600625525,0.9881050305715906,1.994415307327109,1,1
10.63456105765015,26.794288363173404,2.6499999999999773,12.325142791055796,7.676442570664695,4.013041908547261,10.111052212518352,1,1
42.06461960153954,42.21738715005677,-2.599999999999966,86.66121159018458,71.08537678804834,0.0,0.0,1,1
32.757764134798784,34.83390749128081,2.1666666666666856,3.8604369713744506,13.05867978739218,15.118968062214691,16.077188072898696,1,1
15.354378673344089,19.04652928430212,28.533333333333303,99.23281095966841,68.59043166769929,0.5381207478975738,0.6675185496834862,1,1
32.35448191518448,44.120796935484094,8.03333333333336,22.91965418834298,64.36408361453253,4.027528869110088,5.4922153861598275,1,1
24.548331013646475,29.065185359808062,13.399999999999977,64.05001212590575,129.1788282826854,1.8319650010183968,2.1690436835677693,1,1
50.054051340081934,15.575024522898532,-23.81666666666672,102.94222274047142,67.55727023501203,0.0,0.0,1,1
29.011266968388497,20.86472967580562,-8.416666666666629,54.51685354232102,160.1521128203601,0.0,0.0,1,1
76.12479702581953,29.493921219276498,28.816666666666663,28.2118742424872,30.274336435675213,2.64169336121988,1.0235021822768016,1,1
26.487927019262546,9.671220191888882,-6.650000000000034,18.187912244742634,10.389930836184005,0.0,0.0,1,1
22.550098546224667,22.2329147886641,16.866666666666674,83.58567707376407,89.79658990397066,1.3369623644006714,1.3181570032804797,1,1
44.870709327528544,49.0100953319257,-24.150000000000034,13.318098258605756,13.034775497170475,0.0,0.0,1,1
15.496890369074448,21.63115679857283,22.116666666666674,17.092105510871036,77.35516143319582,0.7006883362053252,0.9780477829045738,1,1
28.1374108419536,28.7704033880499,31.049999999999955,17.87504131646728,57.145424499376844,0.906196806504143,0.926583039872784,1,1
28.570988587882116,39.19057780754057,-24.966666666666697,60.1529220663727,8.377093647282686,0.0,0.0,1,1
17.57789805409057,17.2966679514357,-6.75,36.17962044797895,89.37568051214409,0.0,0.0,1,1
63.601268767917624,64.91138617804711,-5.550000000000068,164.58911959852304,43.53490860805627,0.0,0.0,1,1
26.990003293400605,32.38003929034744,20.73333333333335,144.14445553183117,123.99824261578864,1.301768647591668,1.5617382294379782,1,1
41.82546406729328,61.007490432641866,41.5,166.96254771798766,27.227352388844512,1.0078425076456212,1.4700600104251051,1,1
12.929176737561933,42.035913877963424,-17.950000000000045,19.40715712947161,29.13802026352369,0.0,0.0,1,1
59.209017706577235,6.4299645756756805,-4.0166666666666515,129.3669357086315,8.037340407577707,0.0,0.0,1,1
43.108132772263666,48.58052879269409,16.96666666666664,129.1658918948191,40.44596454926373,2.5407543873632847,2.8632924632236247,1,1
20.67777255358461,26.233973943893627,8.78333333333336,19.54563331260934,6.5107880186080145,2.354205603823668,2.9867902023408215,1,1
38.54980184413692,32.081709915637454,-17.58333333333337,102.84213865001352,59.72123020772263,0.0,0.0,1,1
32.39112103991186,43.3129856073467,13.299999999999955,20.161145742845104,43.31134094558489,2.4354226345798473,3.256615459199011,1,1
37.04955390344726,54.393754747724046,11.549999999999955,81.82470848113249,130.0054532599592,3.207753584714061,4.709415995473962,1,1
19.1273001521676,32.60279895959856,-6.766666666666708,23.014486399537006,32.82555712027795,0.0,0.0,1,1
52.44598544110777,42.88764714667593,-4.850000000000023,54.959408941924856,104.660463643586,0.0,0.0,1,1
12.689847210357694,32.09820001876187,12.399999999999977,35.17694625172182,170.81609737000886,1.0233747750288482,2.5885645176420913,1,1
53.242279043799165,51.161185917103644,-2.3333333333333144,85.26846552989132,58.2170524754805,0.0,0.0,1,1
34.66535654575675,33.771194990866235,7.866666666666674,64.23017921428728,93.94814544188075,4.406613120223311,4.292948515788076,1,1
55.299650893011034,22.16917905561681,19.816666666666606,108.27560775173039,70.19253313253667,2.790562702759186,1.1187138295517347,1,1
42.980357270631295,31.378425001193946,8.166666666666629,44.793011150406414,168.65082087606862,5.262900890281408,3.842256122595195,1,1
61.8333468104208,54.72789761883585,-49.48333333333335,49.587565620257806,47.75364851650635,0.0,0.0,1,1
5.34116612319401,28.06910618851665,11.183333333333394,23.915533107616287,8.876706457552588,0.4776005475285229,2.509905173339776,1,1
21.588023943329755,25.80746016174398,-12.600000000000023,16.289520719797377,118.0845315622134,0.0,0.0,1,1
69.99862101816325,57.2380822141654,-6.850000000000023,141.65304514943648,35.2357066396572,0.0,0.0,1,1
14.861256489423946,12.159095817992077,-16.21666666666664,36.83905945231443,38.912300930358754,0.0,0.0,1,1
29.22127269264257,37.06439591365879,12.78333333333336,91.81193958342976,48.58062687207922,2.2858883462301836,2.8994312318377093,1,1
24.417849800686554,31.072178516766087,0.6000000000000227,24.948310230530677,32.50982153749433,40.69641633447605,51.78696419460818,1,1
12.51884135568823,23.687719509390426,5.133333333333326,52.026845226928835,8.67096526091798,2.438735329030178,4.614490813517622,1,1
33.778218655748525,60.041941359538235,-1.2999999999999545,28.19656961062052,162.26840830566562,0.0,0.0,1,1
50.08129502230465,24.487014699405268,11.38333333333344,5.367364716319269,101.74472000441976,4.399528113233164,2.1511286705187445,1,1
19.435605927723916,16.610321423072357,5.18333333333328,6.497935145782109,155.5168697842736,3.749634584126839,3.2045636185992015,1,1
56.010071019018994,60.32513986722282,-31.350000000000023,121.13924778934596,92.85482453549795,0.0,0.0,1,1
19.080895040735275,15.471568907012761,5.433333333333337,54.13850383177489,144.8167648912038,3.5118211731414593,2.847528019695598,1,1
39.00725003836537,11.198660634200854,-3.8666666666666742,86.47817543850222,28.17081987725222,0.0,0.0,1,1
39.10147766460442,36.8653556126134,36.11666666666673,143.72266650275662,30.917225048383703,1.0826435901597882,1.0207297354669127,1,1
36.945534236223985,36.27841797971782,-6.5,157.0106079046192,131.97231068366688,0.0,0.0,1,1
60.922756193578614,65.25267980874212,-12.733333333333348,104.90970286105038,49.16765527139178,0.0,0.0,1,1
59.50977744128363,59.71968082448012,-8.633333333333326,157.67458832531423,69.37303594978563,0.0,0.0,1,1
10.45763941921033,38.24976397893782,5.583333333333371,90.07610256760559,152.46846430008836,1.8730100452316882,6.850703996227623,1,1
20.24116405304357,22.389760804637646,-6.350000000000023,43.12878455333101,29.434033190508863,0.0,0.0,1,1
35.2842190095107,21.440680441109595,-16.43333333333328,52.017522906171294,2.5730239126908083,0.0,0.0,1,1
24.492946830555983,16.87565636583589,-22.966666666666697,20.05825449509023,113.99047916782438,0.0,0.0,1,1
46.25187683879555,41.05977350156725,9.983333333333348,43.40957515823208,47.838916865132845,4.632909199211568,4.112832070273842,1,1
29.15402106818963,26.630814440752236,-34.200000000000045,68.40104220804344,80.9538313598575,0.0,0.0,1,1
15.198400866173055,11.343194239523335,-13.250000000000057,53.362383361664776,93.0322687684133,0.0,0.0,1,1
25.954152953921554,42.28597416533182,20.183333333333337,20.744240363255365,25.13991761627715,1.2859200472628347,2.0950936828405524,1,1
26.156728473653654,48.20918538572869,0.44999999999998863,6.119386626554691,104.2680983032646,58.12606327478737,107.13152307939978,1,1
32.16240040792973,26.30903942669807,9.366666666666674,13.95635228270401,88.05601245824737,3.433708228604595,2.808794244843208,1,1
47.5205978731562,50.98157074429497,-4.166666666666686,124.09914014317577,172.4644829549993,0.0,0.0,1,1
32.807489829136415,55.36904720950945,-0.933333333333394,27.742078884526034,31.921433466744382,0.0,0.0,1,1
68.00328831918512,68.83474978365051,-22.216666666666697,69.01346084136898,82.9518679233591,0.0,0.0,1,1
67.8233346439278,52.178755255371925,38.56666666666672,69.68885621948911,69.29028321273476,1.7585998611217208,1.3529495744694517,1,1
14.581361771491476,21.826347482903422,12.949999999999989,7.075620266289812,1.5561923120588699,1.1259738819684548,1.685432238062042,1,1
23.674089211625457,27.533338377723524,29.83333333333337,24.823231938246682,9.377357640038792,0.793544889775154,0.9229051970186645,1,1
52.64149715027316,41.42554901399752,-15.633333333333326,108.1977001164938,16.257832408731016,0.0,0.0,1,1
27.004819528702228,30.21346737981444,35.10000000000002,36.06031632628104,4.556292069756248,0.7693680777408037,0.8607825464334592,1,1
54.764102699162734,45.69618571488094,-36.11666666666662,1.480651016450484,69.34448965066974,0.0,0.0,1,1
48.60156604701357,36.527386985657756,16.30000000000001,41.21775867752187,26.022138026082295,2.981691168528438,2.2409439868501675,1,1
9.1205658937493,23.21752810079293,8.0,4.138345403168013,95.97061114601443,1.1400707367186624,2.902191012599116,1,1
41.56073200082552,33.56800725558654,32.316666666666606,23.272576269243572,112.18455977653304,1.286046374445351,1.0387212147164497,1,1
20.266241771861765,34.492712595883546,-15.733333333333348,46.55897598296326,9.085598672025602,0.0,0.0,1,1
29.27460503576436,27.870180201147626,4.199999999999989,26.798697183677195,5.248938120414782,6.97014405613439,6.635757190749453,1,1
38.6959551431987,35.83800357162774,-9.666666666666629,8.546078538763995,35.79350748479419,0.0,0.0,1,1
26.71537218739632,13.812112236889977,-0.6000000000000227,51.798121494245116,2.136415114698586,0.0,0.0,1,1
12.032409936870023,9.96688962961306,6.949999999999989,10.134664994291892,24.144649924187956,1.7312820053050422,1.4340848387932486,1,1
21.077640865249673,42.03268899849785,-13.533333333333303,42.913459050991165,76.71477932849979,0.0,0.0,1,1
47.89421792984112,70.03475724397295,-40.50000000000006,20.29045316638499,45.05244224323328,0.0,0.0,1,1
33.37366310264559,31.884640154434486,-0.39999999999997726,100.98656763805155,64.76702808678617,0.0,0.0,1,1
16.82036629274827,2.8640006983239403,-28.333333333333314,20.222846038276383,169.27153698883075,0.0,0.0,1,1
15.364723304447189,50.253537741690906,18.66666666666663,81.57537552530371,51.1847392838076,0.8231101770239582,2.6921538075905898,1,1
28.08596426845426,57.22311353135394,-13.350000000000023,3.285285765981741,9.234202693832954,0.0,0.0,1,1
14.73365384266766,5.68159797553078,11.833333333333314,12.975986716229468,90.95235156484246,1.245097507831072,0.48013504018570047,1,1
48.61132126938702,13.925615885043614,1.533333333333303,79.38785293786479,16.552141979994136,31.703035610470423,9.081923403289492,1,1
51.73502198704471,27.518786512328465,29.78333333333336,17.797514920789162,131.4675510530517,1.7370460655974707,0.9239659713148889,1,1
9.09288488630286,34.89941897001219,14.366666666666674,45.14427022780252,107.91383980342445,0.6329154213203844,2.4291938958245134,1,1
65.50128921547184,42.262736410328294,-13.21666666666664,151.84262333678018,88.2157525345737,0.0,0.0,1,1
54.11645108262163,34.49113009971626,-4.816666666666663,4.292236648653526,31.60467144930136,0.0,0.0,0,1
43.724595798906755,40.653143243242006,-45.599999999999966,10.497769641960524,78.09776714513123,0.0,0.0,1,1
70.32405152024604,46.25452530413767,-6.0166666666666515,71.9422142595451,37.45425517822442,0.0,0.0,1,1
26.486941226867913,29.22016522122274,-28.06666666666672,117.33131959562525,18.84522366844782,0.0,0.0,1,1
21.860244229600394,32.219718772481244,4.133333333333326,0.4612795436224552,95.20836843999271,5.288768765225911,7.795093251406767,1,1
46.554964528202824,7.961382487427097,-46.01666666666665,53.91092820984758,33.17860683889021,0.0,0.0,1,1
25.530314225336994,24.87851036090738,18.883333333333326,84.78639139344969,176.48275247501968,1.3520025185527098,1.3174851029606738,1,1
13.100996569387776,26.011589297422354,-23.100000000000023,176.57921788584457,75.54435866632976,0.0,0.0,1,1
46.57719100828457,40.536160126210476,19.583333333333314,49.76329810593693,9.397268436187035,2.3784097536145334,2.0699315809128773,1,1
11.563856527031934,11.547606774662087,-3.0166666666667084,175.38225103218392,82.8437460945542,0.0,0.0,1,1
33.817976810500575,76.16792121505101,-3.5166666666666515,24.06336350720998,169.76657173644287,0.0,0.0,1,1
31.856945867424272,29.80082959322517,7.683333333333337,46.22891135410854,46.27968338785925,4.146240243048711,3.878632918857938,1,1
18.760634021506032,38.00066154394917,-14.600000000000023,0.893692860115765,90.70983222141759,0.0,0.0,1,1
35.95122081067311,46.84792477320158,23.683333333333337,49.634623695452014,13.138142984306086,1.5179966563268024,1.9780967532667801,0,1
5.267615948204426,40.14923549846383,-3.5499999999999545,60.15255212188946,134.5116955200742,0.0,0.0,1,1
17.220990099294525,5.4334611436910025,1.5500000000000114,3.221692415505456,119.1655573799516,11.11031619309316,3.5054588023812663,1,1
86.4294911731201,50.02477441783778,-56.51666666666665,52.19023916069475,11.275902780477674,0.0,0.0,1,1
67.92042116411761,35.27341224082399,10.216666666666697,22.433056649711904,21.031587713757332,6.648002071528621,3.452536271532517,0,1
27.04357081123386,14.421290202721478,-13.849999999999909,73.87455720124447,61.22076691215675,0.0,0.0,1,1
38.78593674115516,40.175006049920036,21.816666666666606,53.2036840379543,56.602179270329714,1.7778122264853446,1.8414823246716645,1,1
20.999391525576254,26.468282906150137,-13.31666666666672,166.22966427606627,6.798200359994758,0.0,0.0,1,1
34.136641278511505,8.32534617231556,-43.88333333333338,13.797541397884839,78.56457581000582,0.0,0.0,1,1
21.90287905986581,7.422974845407682,12.483333333333348,162.61064012261735,27.025469916726053,1.7545697511240947,0.5946308287375973,1,1
55.93738811286144,40.10482445347997,-32.35000000000002,176.7418761342934,13.737810592321482,0.0,0.0,1,1
24.71383440729331,28.900235485392,19.0,52.70227433117947,10.93678220369209,1.3007281266996478,1.5210650255469473,1,1
36.42724865323266,17.227626392254706,-3.1666666666666856,151.06359484894247,105.09264766874473,0.0,0.0,1,1
65.38046344283585,75.26731989678153,-63.11666666666662,30.212973837281037,8.447900931032125,0.0,0.0,1,1
35.59630520776623,10.856859071061429,24.44999999999999,28.876122040617705,76.48416448246087,1.4558816035896214,0.4440433157898337,1,1
66.34742940678927,48.413740588574434,10.933333333333337,142.04917033246568,88.71063507579382,6.0683624457429195,4.428086029442782,1,1
57.07259753059159,32.5352330387979,-13.083333333333371,53.40370520447377,98.49237580146911,0.0,0.0,1,1
20.174929436748446,57.107714987653885,23.383333333333326,168.54871449748586,171.55201059108572,0.8627909951567406,2.4422401277685206,1,1
3.6388337570038938,45.29357325027225,-2.6333333333333258,110.85268788741324,172.11184778018068,0.0,0.0,1,1
34.79810020357114,24.499705213646045,-5.383333333333326,50.645095478074566,27.485171237408284,0.0,0.0,1,1
45.611015360570775,19.91114288811953,-12.950000000000045,110.97239955744519,166.3013242193809,0.0,0.0,1,1
20.89440382282089,27.881425517517723,17.68333333333328,175.09487402001798,1.7325595249354737,1.1815873980860105,1.5767064383139193,1,1
32.5668244622585,61.451265695309786,-4.433333333333394,42.4758575112032,95.4047589954965,0.0,0.0,1,1
29.827662403286748,5.97387832335261,9.100000000000023,56.518085000412775,17.69537279596263,3.2777650992622718,0.656470145423362,1,1
17.163438207745912,58.82367484459147,-1.0333333333333599,26.003764522040534,42.49880798785955,0.0,0.0,1,1
47.07366567413248,46.30052795475324,22.48333333333335,40.39579881274719,70.02651086831898,2.0937138179747565,2.05932666959614,1,1
8.111326100651599,13.03206515569272,-4.333333333333314,15.187376925237961,59.0148848135863,0.0,0.0,1,1
19.24006958869373,13.825710751269808,35.48333333333335,62.11661902870539,52.959819294835256,0.5422283585352857,0.3896395702565468,1,1
31.998632783292482,42.41929919794108,-16.816666666666663,29.788196064557113,91.62673923744997,0.0,0.0,1,1
26.551171767404615,9.713464309343392,-3.599999999999909,164.8490561678548,8.064433562992377,0.0,0.0,1,1
34.635763469441706,19.833375350095487,-33.700000000000045,26.517433904785676,51.27744486852698,0.0,0.0,1,1
51.49101323963675,48.37825498667307,29.950000000000045,25.489353940684282,96.00377491841503,1.7192324954803564,1.6153006673346577,1,1
36.821072620021425,24.777706153359375,-3.5,24.619199618777905,34.628784222128644,0.0,0.0,1,1
25.70095112809811,16.26994502483372,-60.76666666666665,43.80663699914292,37.10123206769714,0.0,0.0,1,1
54.616229272991745,7.0824705356879925,-9.499999999999943,42.71283992155436,3.8002175890098346,0.0,0.0,0,1
17.972301219129122,61.326994690574715,26.44999999999999,142.1876484207774,2.1345463997136034,0.6794820876797403,2.3186009334810866,1,1
29.209021627648582,41.24641735283741,-3.9333333333332803,13.846492157799991,173.587874466457,0.0,0.0,0,1
8.885584455234836,60.43137751937226,0.683333333333394,100.97548100333137,77.2757237083322,13.003294324732753,88.43616222346375,1,1
43.350669609079375,21.952081652747427,14.699999999999989,15.771051148027592,29.339734065466292,2.9490251434747896,1.493338887942003,1,1
56.691141773257264,41.34764537162642,-37.9666666666667,28.769200112548944,23.94222893037674,0.0,0.0,1,1
26.44126089614071,48.64010976321679,-25.81666666666672,20.171720548760128,174.73868021389725,0.0,0.0,1,1
46.886260129049404,45.682822567982555,35.75,14.489243545188787,121.35992741047427,1.3115037798335498,1.2778411907127987,1,1
43.83531364347951,55.911937206845415,-49.51666666666665,34.44465465954942,33.079679882292595,0.0,0.0,1,1
20.734003204612694,8.698978228632507,-8.18333333333328,113.18446418286197,171.33043556494422,0.0,0.0,1,1
17.623295819895763,23.284389143324727,11.333333333333314,1.0214889490239882,0.12241761725606747,1.5549966899908052,2.0545049244110087,1,1
40.08741143495739,1.4500957822771374,17.383333333333326,54.08473058792796,9.39337249948423,2.306083112269841,0.0834187410705928,1,1
34.12814088109689,10.524310481504743,25.76666666666665,2.3218998422087633,42.48154533366681,1.3245074080632695,0.4084467198514133,1,1
11.74148627729902,43.10808444415552,-2.0166666666667084,21.418214082436098,65.8435183504894,0.0,0.0,1,1
81.72861765895982,36.77000966971737,6.449999999999989,59.812179726349214,55.82000893576048,12.671103513017048,5.700776692979447,0,1
37.16028719539779,36.5268128305161,19.91666666666663,72.85729752182243,12.167013028068995,1.8657884784300183,1.833982234168176,1,1
41.23208365123234,19.17067349422613,-10.649999999999977,51.05912025551377,116.00683793761452,0.0,0.0,0,1
41.138468750199166,18.21654467784716,21.51666666666665,18.601941745070445,162.41244109410238,1.9119350309929912,0.8466248494739198,1,1
22.58815446693732,28.951938142760337,-10.816666666666663,103.30105347269686,39.61701025875225,0.0,0.0,1,1
7.041563115609404,9.530492000824449,1.4333333333332803,77.1856176752321,7.275303917083016,4.912718452750929,6.649180465691722,1,1
54.635267913683755,35.997472905129854,25.850000000000023,78.62926711599845,155.82790429436733,2.1135500160032383,1.392552143331908,1,1
23.9497622349599,16.270286482487666,-2.5833333333333712,10.89614771479032,32.51589187325569,0.0,0.0,1,1
69.6396957361405,56.42165167537886,-39.93333333333334,68.06581867388661,78.44431088740212,0.0,0.0,1,1
8.286166517489015,29.11537394573528,-4.166666666666686,60.505779295157716,115.63076090582331,0.0,0.0,1,1
15.376045583236857,24.02837443061381,-8.666666666666742,65.15824561565145,31.889054276600124,0.0,0.0,1,1
27.29225062988475,16.59344750195087,12.633333333333326,107.23879099320081,17.28972981811597,2.1603364614684515,1.3134655014736845,1,1
32.92483442968578,44.77266341071174,-22.699999999999932,57.792496532744174,11.640643441470166,0.0,0.0,1,1
52.54247223807511,43.505443465284976,28.800000000000068,132.2863431664855,163.73622537614867,1.8243913971553816,1.510605675877947,1,1
95.85927185202274,9.835367021339065,-1.1333333333333258,130.8349561951167,43.16845349674077,0.0,0.0,0,1
24.046367247003825,37.67333274346726,-19.716666666666697,0.2612115997004588,109.54457991755204,0.0,0.0,1,1
16.514724070086956,25.02098008560904,-11.399999999999977,17.07968434513812,107.98623413366612,0.0,0.0,1,1
28.084050435948306,41.450753913529745,-10.5,121.53718731054803,158.8860405839181,0.0,0.0,1,1
3.6261396675926534,30.232965819155456,-21.100000000000023,50.979609487180454,2.545755651827594,0.0,0.0,1,1
13.348428954583184,44.25535121441375,24.383333333333326,26.10465798536323,34.80786646582821,0.5474406953349222,1.8149836451570922,1,1
31.027519147434948,50.48518209446321,14.716666666666697,71.39704164215176,12.08120033954709,2.1083251968811925,3.430476699510517,1,1
62.92417173780586,36.90557395419952,25.033333333333303,72.33597158707279,144.28430382121013,2.5136153823357894,1.4742572817922595,0,1
28.17358889298828,32.80450511066364,2.8333333333333144,58.196437562198334,86.6166605954473,9.943619609290048,11.578060627293127,1,1
17.406711668523446,16.70479804660259,21.133333333333326,40.714099427285376,58.259924800424365,0.8236614354190908,0.7904478570947601,1,1
30.68293499650906,31.34555169575282,-14.416666666666686,6.844960011105139,78.59320214620415,0.0,0.0,1,1
25.77710008687727,34.31805485293259,-36.48333333333329,97.58246253307907,131.19007673294405,0.0,0.0,1,1
33.85863175682744,43.071352299282275,-31.066666666666663,75.76308106379027,135.96226654707408,0.0,0.0,0,1
42.30472130205384,12.538319043812942,9.533333333333303,58.35437681492303,45.98280578704329,4.43755817853713,1.3152082913090541,0,1
9.613430998116922,46.907713769817335,-16.150000000000034,0.5538070822396116,97.69710285473056,0.0,0.0,1,1
33.03547335819481,10.322157935453491,6.600000000000023,20.886744869330883,102.59960362826219,5.00537475124162,1.563963323553554,1,1
48.878108028487,51.31987377658334,-11.316666666666606,107.37942356096046,31.22082824064696,0.0,0.0,1,1
23.902260469578106,38.58519074002935,13.033333333333303,35.61850918618301,5.315081825431728,1.8339330283563806,2.960500568288704,1,1
5.641931308416434,35.97036202826492,-21.866666666666674,42.53997252013584,2.457191263784644,0.0,0.0,1,1
34.05343024000828,29.472143156245348,-28.28333333333336,53.44865218873957,90.76952401385063,0.0,0.0,1,1
12.49230874489492,8.117539309695058,19.000000000000057,34.66347866068584,20.010137579185415,0.657489933941836,0.42723891103658074,1,1
5.98982934277396,27.29609760468412,14.5,156.16284183629975,46.43525126006625,0.4130916788119972,1.8824894899782152,1,1
17.1747311154757,29.379022183259323,-3.550000000000068,18.062445928326415,50.23420737947354,0.0,0.0,1,1
4.285440467443226,32.433016442439595,24.033333333333303,89.85572231629548,17.30882800643615,0.1783123634165006,1.3495013776327172,1,1
44.19122587623528,31.62084403961695,12.883333333333326,69.90057663014159,85.52917916450484,3.4301080887116666,2.454399278624862,1,1
44.674206453189775,15.170741210925993,-17.683333333333337,167.98031148702879,24.79041916062998,0.0,0.0,1,1
25.66597942802884,7.205110069326577,2.5833333333333712,0.5734145545719258,42.66936767935479,9.935217843107793,2.789074865545731,1,1
5.174966451850455,40.408129682582995,-0.18333333333328028,66.97268977587822,108.47500561594381,0.0,0.0,1,1
27.77981381427089,15.163708502723058,10.733333333333348,104.9225535624356,36.78839239718504,2.588181411267471,1.4127678729245066,1,1
42.32307290355937,28.925387733884495,50.89999999999998,128.45236041336562,76.05691190398983,0.8314945560620706,0.5682787374044108,1,1
45.99959238949836,19.34017838594051,-31.100000000000023,160.66039296844943,29.837844609893693,0.0,0.0,1,1
48.35809136018499,25.82854794387189,42.849999999999966,78.91927435412123,149.9834693316951,1.1285435556635948,0.6027665797869757,1,1
20.710196093282672,14.45932993683394,-5.050000000000068,45.319900486837355,72.11809197958216,0.0,0.0,1,1
8.956716908431238,38.17478079686753,-41.083333333333314,66.41229239073716,16.917981371817344,0.0,0.0,1,1
20.08214380986249,21.097742111946992,-19.25,64.74539377818773,67.59113373712825,0.0,0.0,1,1
23.81066521073651,6.8800032299734175,7.466666666666697,9.995395879806745,29.488410835322597,3.1889283764379126,0.9214290040142933,1,1
16.395748093806347,20.287283920941423,24.049999999999955,43.544736619469845,120.10349648568916,0.6817358874763567,0.843546108978855,1,1
17.64263302344638,32.79416021861888,-11.883333333333383,28.360584300941007,49.51189728822047,0.0,0.0,1,1
39.63451077589384,5.310890278998024,4.43333333333328,172.96867135276855,6.52268177245614,8.94011521260774,1.1979451757138544,1,1
37.091268813862726,62.844791174589616,-0.8833333333333826,152.73216247781113,86.55895794830128,0.0,0.0,0,1
38.33997768503376,28.839989597778963,-16.383333333333326,14.8930724736316,135.5886053465139,0.0,0.0,1,1
1.7752151669273049,24.79007978114542,-6.116666666666674,157.6638636384005,10.297538509609373,0.0,0.0,1,1
20.19018600981958,8.803550420142953,-32.01666666666665,89.2654029391149,6.80018683976167,0.0,0.0,1,1
7.173659379207264,21.470632397662524,12.616666666666617,4.5472916336159495,141.03925168855997,0.5685859481538144,1.7017674291410256,1,1
22.351646720345038,18.155516455826216,-13.583333333333314,0.5047106878035289,104.94780763732949,0.0,0.0,1,1
21.55041891833089,17.694082501094982,0.8333333333333712,7.624375451232026,56.05504070063596,25.860502701995895,21.23289900131301,1,1
7.5850181278623126,32.26935680934604,-1.0166666666666515,34.290543260083545,74.88482452680526,0.0,0.0,1,1
31.067310436820545,28.28641212863715,-5.53333333333336,38.84645249232994,44.69280071526663,0.0,0.0,1,1
12.439297050521404,15.8852307366168,21.400000000000034,86.38118411291897,18.980021334533,0.5812755631084758,0.7423005017110642,1,1
55.65810812451321,12.378767664387635,14.233333333333348,37.69865271798107,37.630600016599274,3.910405723033711,0.8697026462099031,1,1
22.713951904305652,59.74335155944598,-35.68333333333328,38.60888927738196,34.489793727302214,0.0,0.0,1,1
13.970544409975995,17.50341236572013,-0.25,17.9568242862229,1.8402753661666658,0.0,0.0,1,1
9.237318634514905,57.05375876214375,1.8166666666667197,8.11161403554403,111.85001883231202,5.084762551108973,31.405738768151608,1,1
22.763762625912456,22.40696816220848,-26.366666666666674,139.00070086639133,34.441811522028814,0.0,0.0,1,1
36.585975606933225,39.827632088510796,1.650000000000034,132.47517696550193,133.50124169546268,22.17331854965604,24.137958841521197,1,1
38.09103860781723,29.863476392111853,-0.5500000000000114,49.1989446157539,0.09672416118420638,0.0,0.0,1,1
15.605777064208498,10.390714337544095,-7.399999999999977,23.488050437586683,20.921421176431256,0.0,0.0,1,1
14.557033427942075,44.40906439005442,-10.433333333333337,39.06960145919529,159.28305528938577,0.0,0.0,0,1
15.954971360397716,16.335816137827017,17.25,128.92769627666553,72.49609266822705,0.924925875965085,0.9470038340769286,1,1
9.3820158933047,9.481678238699185,-14.450000000000045,27.88053533292788,136.06360077300405,0.0,0.0,1,1
21.571715019647574,25.038725562172203,14.75,70.37676970410178,78.7177641095214,1.4624891538744118,1.6975407160794713,1,1
33.47845907777448,30.44635537392868,14.916666666666686,130.35318923352816,39.34424734466563,2.244365971694376,2.0410964496488475,1,1
17.722623645749803,18.662358133716957,15.18333333333328,19.63549830721198,15.79212454274211,1.1672419525192008,1.2291344544709344,1,1
3.5909221966261273,49.650402818104105,3.4166666666666856,74.32440269943599,77.17638326946071,1.0510016185247144,14.531825215054779,1,1
12.052593081988578,18.963722677200703,-26.933333333333394,38.29010640398032,17.541044656472604,0.0,0.0,1,1
50.0072217006926,60.04983115898173,-8.799999999999955,112.00208647633491,122.71424070885664,0.0,0.0,1,1
15.233780080976473,29.580140672792986,0.5500000000000114,93.81781265146131,58.68763751769431,27.697781965411195,53.78207395053159,1,1
22.798056691062314,21.40187556682309,-13.949999999999989,49.155807942048995,51.01995780961997,0.0,0.0,1,1
39.0251379099279,17.408754183519907,-3.816666666666663,101.08816634198553,6.840926152232734,0.0,0.0,1,1
31.60228543071599,10.540925533894569,16.18333333333328,17.283803387100082,49.72282545657805,1.952767379858873,0.6513445232066697,1,1
19.21262605684083,20.69155759133555,-10.550000000000011,117.72017179449767,174.33273304043965,0.0,0.0,1,1
29.377863926584055,56.303749628441516,-35.099999999999966,43.27077734160012,56.912246330372334,0.0,0.0,1,1
10.10529289256099,14.822327377604633,9.683333333333337,115.8643614476457,56.63018140898257,1.043575858095799,1.5307050648128704,1,1
13.993698978865813,20.00767213956799,3.716666666666697,27.54485318656751,23.241433338145985,3.765120801488529,5.38323017208103,1,1
33.797407034005204,17.925811619623314,-4.5166666666666515,17.941748237977123,14.652981955668094,0.0,0.0,1,1
34.59132839311035,18.79329076499848,-12.066666666666606,137.0440993791717,16.64825752111939,0.0,0.0,1,1
12.068162890662169,9.655884791727269,-15.18333333333328,61.360917325732004,73.2101086699541,0.0,0.0,1,1
51.40848395179749,27.41135206848112,9.916666666666629,72.11749650430751,47.34658195508464,5.184048801861952,2.7641699564855013,1,1
14.940065446829731,21.02878978923894,12.766666666666652,49.373619626515215,25.3796195205866,1.170240113328701,1.6471636910631042,1,1
24.02145453085179,28.340298163569155,24.149999999999977,34.759856783215916,39.673468676767115,0.994677206246452,1.173511311120877,1,1
45.391855608198625,22.823586727574448,-12.75,33.167958498998445,131.14588835115117,0.0,0.0,0,1
7.939108542175571,27.378265913758014,11.866666666666674,91.75908630529116,19.59761103920006,0.669026000745132,2.3071572399234266,1,1
19.087612329582896,3.8618144842951074,-1.0,22.724987455007682,8.718903583381312,0.0,0.0,1,1
14.563929948868745,17.35144086236067,27.783333333333303,82.19395543005841,45.657939810694515,0.5241966388315091,0.6245269656518544,1,1
41.402713947544775,13.893533667781538,0.08333333333337123,166.9507459839058,69.6425366633337,496.8325673703114,166.72240401330265,0,1
49.07338325858985,16.963334643348347,19.166666666666686,23.793762902649473,63.5342947021795,2.5603504308829463,0.885043546609478,1,1
6.852412389484097,47.10425788727713,-19.549999999999955,96.18046872699648,14.76693034426331,0.0,0.0,1,1
31.151288541210903,36.13340252145895,-2.4499999999999886,35.79667271506486,44.76764510948023,0.0,0.0,0,1
43.166695624185884,15.236843140522515,15.883333333333326,1.825971575498407,12.550978954517179,2.7177352963810644,0.9592975744295397,1,1
37.770013090928224,12.237487941203916,-12.850000000000023,65.66374041669953,29.720790360138597,0.0,0.0,1,1
28.15017761933308,34.67021215843817,10.350000000000023,23.16178387323949,11.20057735931118,2.7198239245732383,3.349778952506096,1,1
9.700128865123435,15.285768617319263,-3.566666666666663,1.5995860098386567,28.904881234644577,0.0,0.0,1,1
19.885296075241115,48.204915609187466,-33.64999999999998,17.310204454590934,146.05728458920237,0.0,0.0,1,1
23.275768277092165,32.69934165154471,-39.450000000000045,18.953328963840175,32.546019255433634,0.0,0.0,1,1
25.944952409969027,12.60698659914853,-11.866666666666674,8.316375755255015,54.1381988050918,0.0,0.0,1,1
25.86499672444508,32.89230321991932,-22.51666666666665,17.281467284032395,154.49118619577123,0.0,0.0,1,1
20.786246788575276,27.771173103697976,-0.44999999999998863,19.45821612830894,28.964478093490207,0.0,0.0,1,1
21.278183924177142,17.982522378996517,27.200000000000045,108.83242817959639,52.00359941116591,0.7822861736829818,0.6611221462866356,1,1
42.09677013210819,10.611851341254736,15.833333333333371,2.6554426096367085,10.78876260491469,2.6587433767647215,0.6702221899739818,1,1
34.134456361733825,44.3792994787234,34.69999999999993,56.60972226018131,42.47257678484185,0.9837019124418989,1.278942348090014,1,1
21.704921356943697,21.25052286938422,-3.716666666666697,20.44220461064383,51.36199332839947,0.0,0.0,1,1
24.10005186716406,8.58734534067422,14.949999999999932,0.49343551138586106,95.2087274513735,1.6120436031547938,0.5744043706136629,1,1
30.816346672216408,6.637979947075598,24.950000000000045,99.35332443443895,19.157716889225128,1.2351241151188919,0.2660513004839914,1,1
12.904747188534898,36.7058162209267,-34.049999999999955,5.38754065399997,112.89705693354064,0.0,0.0,1,1
18.956917529551664,32.540816250091545,-20.26666666666665,23.539367129243125,163.7100223890388,0.0,0.0,1,1
13.628371142583402,28.371077800385997,6.300000000000068,136.17135868044628,113.9074774413738,2.163233514695755,4.503345682600903,1,1
20.68231262590228,17.862165166755215,-6.166666666666686,5.498118329916678,137.68572232650598,0.0,0.0,1,1
26.76536422734091,58.17150170926576,-15.033333333333303,156.2174329507416,73.85630251415205,0.0,0.0,1,1
30.897410894765947,22.71888592730239,-19.666666666666686,25.33014466662005,13.439343451174652,0.0,0.0,1,1
39.57008199244585,14.603205508076325,-6.800000000000011,3.2008141969508292,64.73701505491837,0.0,0.0,1,1
29.114376937252953,71.79782765206443,-12.199999999999989,121.2190389420074,146.9114107757165,0.0,0.0,1,1
18.73976757830492,28.90693880560709,-17.649999999999977,34.91460939396989,81.04801904926758,0.0,0.0,1,1
45.33001213324344,70.01733912237576,19.466666666666697,18.197887079467403,99.60193134638655,2.3285965136940088,3.596781119300119,1,1
6.7176591491712605,36.21605307042722,22.41666666666663,19.699970665836215,69.44757457573898,0.2996725271005772,1.6155860105766817,1,1
40.91308538298667,10.57000473036788,40.44999999999999,22.697212615678417,15.064381900203953,1.011448340741327,0.26131037652330985,1,1
12.996805162979268,27.783053387911735,7.433333333333337,29.555812128556436,31.805258536146354,1.7484491250644745,3.7376305006159267,1,1
13.373034642726244,15.029868410749442,17.58333333333337,66.62604707288011,0.4902982602872991,0.7605517332356142,0.8547792461089712,1,1
17.750782455367347,10.50181201296022,-20.383333333333326,52.42680108169567,11.180682112867547,0.0,0.0,1,1
26.46058914268121,4.680752551080315,-21.73333333333329,102.39606067016936,3.039647159979187,0.0,0.0,1,1
45.55048786176113,50.74181105251263,-31.133333333333383,36.101388679173475,39.3323923826206,0.0,0.0,1,1
24.076844569927406,29.95857324892343,-2.4499999999999886,33.66893246777333,52.177503577553374,0.0,0.0,1,1
16.612980199564205,38.77156031021823,3.466666666666697,55.277138298609316,112.90584215272489,4.792205826797325,11.184103935639776,1,1
24.807307391170117,27.195638947775706,-27.316666666666606,80.59194862440499,36.61892164315772,0.0,0.0,1,1
4.087005151833198,16.4794906204989,-35.39999999999998,79.80235041772906,152.74275859374447,0.0,0.0,1,1
20.544396370354185,26.168922408077844,17.649999999999977,59.921667615882,50.054702960910745,1.1639884629095871,1.4826584933755171,1,1
1.8678567634829397,53.65330320161512,22.633333333333326,62.034409245610895,170.29516964227275,0.08252680840130812,2.3705435877002268,1,1
26.415383775368483,59.720464573619076,26.716666666666697,33.959073758530835,75.12112992735129,0.9887230358840344,2.235326184913999,1,1
5.070612498615041,26.58988947367441,20.0,58.624310323212306,110.61539107952949,0.25353062493075207,1.3294944736837206,1,1
28.949174810730305,61.33096462817314,-25.883333333333326,14.741962298075439,15.58262217582251,0.0,0.0,1,1
10.571055870736004,12.073582272419735,64.98333333333335,79.5567447236911,34.776596934704855,0.16267333989334704,0.1857950593344919,1,1
7.226686654338917,47.826576177778904,6.016666666666708,96.97531317480183,94.08658224681761,1.2011113552917785,7.949015431209735,0,1
37.03054669983811,37.77213111394289,30.75,18.019846391998254,96.60950458181186,1.2042454211329467,1.2283619874452973,1,1
32.58405370047682,24.33377282708131,-7.066666666666663,150.95179381259098,13.22817090286526,0.0,0.0,1,1
7.6046951871122666,38.37603418801896,-14.733333333333348,59.46643382712567,108.84510941564378,0.0,0.0,1,1
35.026188614933396,44.273295813867534,12.46666666666664,62.31228963980021,51.271962910838774,2.809587322053487,3.5513338888129113,1,1
35.62902998648401,36.196209132387764,17.66666666666663,93.04051081348982,7.539522583069422,2.016737546404759,2.048842026361576,1,1
16.308220490156362,26.367288235404278,13.683333333333337,115.84449182732206,37.795048644647956,1.191830973702048,1.926963817447328,1,1
45.59700891749616,49.194548591394884,6.300000000000011,50.94996229911089,32.46855999728005,7.237620463094616,7.808658506570603,1,1
34.26622892067998,37.21505445082379,-8.433333333333337,99.07587336240336,167.57708710757385,0.0,0.0,0,1
57.14397265776253,41.07229736831271,2.7999999999999545,42.10206565972926,2.6007337015768566,20.40856166348695,14.668677631540492,1,1
31.68359196808337,54.32939147255173,17.46666666666664,126.29194854402665,14.967853170687501,1.8139461050429437,3.110461343848386,1,1
41.81757339258755,35.46311072399352,-7.149999999999977,67.1974402110788,83.49844951019728,0.0,0.0,1,1
41.52152386948781,7.077291540946688,-16.633333333333383,96.2225248111432,84.3237674480808,0.0,0.0,1,1
27.480710406473225,24.346777108183222,-37.333333333333314,50.115605997340175,102.54057846371114,0.0,0.0,1,1
39.772722366522075,14.868777876999674,-2.2333333333333485,156.31054393082644,10.419040082206699,0.0,0.0,1,1
25.103175983218637,31.76137154189385,17.133333333333383,23.06135166700718,143.74649642288875,1.465165913417426,1.853776549137768,1,1
32.768603706732534,16.77526287258842,42.89999999999998,5.356479250421622,12.83120258488221,0.763836916240852,0.3910317685918049,1,1
38.78836094042183,13.186788422087032,-6.833333333333371,84.80698522619943,83.33330263807575,0.0,0.0,1,1
7.75893749885327,22.02675771772946,17.43333333333328,22.96462378482461,25.470986916856788,0.44506333645429985,1.2634851463324777,1,1
51.584520718697945,40.113744527281476,-7.183333333333337,95.04641115544061,66.99231852340809,0.0,0.0,0,1
24.51024729010753,13.111328858832147,-1.25,52.40637150429392,111.48705596136176,0.0,0.0,1,1
2.870588402710788,29.346057846176056,-6.949999999999989,6.329614906358939,42.451063171916594,0.0,0.0,1,1
39.69404167434257,30.41690410866228,54.08333333333337,161.52484551852245,113.1581676015205,0.7339422189400778,0.5624080882957583,1,1
36.95685923403723,29.22860566104526,-5.816666666666663,52.69132911169429,7.442323334896715,0.0,0.0,1,1
22.31771842181802,31.002477499566215,-11.399999999999977,54.73360606901474,162.0432904873709,0.0,0.0,1,1
33.356558575488535,31.833804534034442,20.616666666666674,25.583849994469357,41.0495299113535,1.6179414022063956,1.544081060664564,1,1
45.89679848432903,49.07465118458698,8.133333333333326,43.734314167495306,40.47713885801737,5.643048993974887,6.033768588268897,1,1
62.14306298998927,27.89442397485361,-13.166666666666629,102.7527285650456,61.60142374442529,0.0,0.0,0,1
59.16883798832706,60.57000541155302,39.866666666666674,142.52669329388257,14.01127932718078,1.4841681769647255,1.519314517012199,1,1
16.853519250029414,32.327598288631194,26.383333333333326,19.995301390201107,52.175640329330356,0.6387941598242357,1.225303788577304,1,1
28.10439368576459,31.322644453423063,-3.6166666666666742,2.4284829767731826,126.2643695217393,0.0,0.0,1,1
6.846349392194347,27.29813282178023,-9.416666666666629,141.90977758130506,97.89847050714023,0.0,0.0,1,1
10.969072684395664,25.996885497219772,-6.166666666666686,145.5240898734106,36.283696929526634,0.0,0.0,1,1
15.76324839619038,35.78533607188535,2.066666666666663,151.78643124367574,53.408072160397005,7.627378256221166,17.31548519607359,1,1
24.756979936081795,15.535049976674616,11.149999999999977,128.9800361765389,106.74640429749434,2.2203569449400757,1.3932780248138696,1,1
33.03130669867938,52.8723935527795,73.59999999999997,83.09194207823448,69.00685594453023,0.4487949279711874,0.7183749124018957,1,1
17.75895705145866,19.00222940136818,-30.23333333333335,16.60391892965351,47.904934283516475,0.0,0.0,1,1
24.08261821314284,56.91835283007486,-7.25,7.615284233825084,97.65260956780385,0.0,0.0,0,1
53.850330134137074,83.19676976902407,24.600000000000023,62.981227209711356,16.52660865786568,2.1890378103307735,3.3819825109359347,1,1
36.71866767130253,23.774852493992626,-3.5166666666666515,51.14875358338376,156.14409805526313,0.0,0.0,1,1
22.469046609848753,23.102218508186546,-35.16666666666674,172.6595199459267,54.95875695650571,0.0,0.0,1,1
27.543621967909566,14.615868469273758,20.783333333333303,159.00519385094248,64.00014237551584,1.3252745132915609,0.703249485289837,1,1
46.85920104122802,2.4482419996579377,2.033333333333303,34.852859523706634,1.2570443083841825,23.04550870880101,1.2040534424547413,1,1
8.335333093390933,28.04064510273931,5.633333333333326,5.762933935148861,12.034029801386778,1.4796449278208776,4.9776293081785825,1,1
8.53245438181635,38.6087245465466,-27.400000000000034,45.32528549051659,87.76896868479412,0.0,0.0,1,1
2.903063515973711,74.30319643191665,-1.783333333333303,92.91012708541773,163.00176159445166,0.0,0.0,0,1
53.13868908599251,41.67007986020133,12.699999999999989,68.37655431059262,67.91988279121064,4.184148746928548,3.281108650409556,1,1
41.041821488709694,28.661031422860944,21.73333333333329,26.29255407242048,20.57380419879169,1.888427369112413,1.318759114548819,1,1
27.097068312109176,49.77864613577906,11.550000000000011,54.99982624602528,63.92255170854319,2.3460665205289306,4.309839492275239,1,1
48.59192891371525,23.756846966249068,21.98333333333329,86.05232869696155,11.291740654039243,2.2103985859157853,1.080675373749012,1,1
6.103186781419078,13.643761293068053,-19.53333333333336,23.007922225199486,73.58409654899538,0.0,0.0,1,1
32.75809060369666,26.580261055485884,-16.26666666666665,145.81175238438345,30.699628252318348,0.0,0.0,1,1
42.98719447566784,8.992666765512661,1.7166666666666401,85.54356930448027,2.8988902125043516,25.041084160583594,5.23844665952202,1,1
18.05301606072768,2.4803673563047575,27.23333333333329,104.44349302421455,19.93563060197869,0.662901446538349,0.09107836069662525,1,1
11.588356225107992,9.345067029068186,0.01666666666665151,9.4107436330799,17.140040179939415,695.3013735071119,560.7040217446012,1,1
33.486921161684634,17.865065226736636,3.2666666666666515,24.10452983473363,11.667399451404526,10.251098314801466,5.468897518388792,1,1
41.766666666666595,8.978879539106028,25.199999999999932,146.41247232274324,25.680702298892076,1.657407407407409,0.35630474361531955,1,1
38.49219978702758,16.360012224934284,13.800000000000011,69.61892760525645,19.918984484316283,2.7892898396396775,1.1855081322416139,1,1
8.840955830678013,58.20052739356309,-29.200000000000045,67.72751193478575,135.42283515454605,0.0,0.0,0,1
38.39302960463297,20.174798635922006,0.9499999999999886,12.207935384279162,1.5735167366917695,40.413715373298345,21.23663014307605,0,1
55.907244611051986,41.315738862784166,40.68333333333334,91.30726330738395,158.5375751441201,1.3742051112917324,1.0155445849107128,1,1
15.296522843807054,36.98334835511185,-16.80000000000001,49.89697043768695,24.158326361337995,0.0,0.0,1,1
17.348494971546536,55.479751060885,25.616666666666617,87.18165901123722,81.82055490513974,0.6772346768333078,2.165767770756738,1,1
48.632022486332104,38.46939981624644,26.0,118.2907861788707,53.25869376614654,1.8704624033204655,1.479592300624863,1,1
8.960716737206026,22.2816566310098,-14.016666666666652,94.55508846390254,1.7852245051611437,0.0,0.0,1,1
24.9046180456557,11.332757338304248,-22.099999999999966,173.84744257274056,52.1738372286103,0.0,0.0,1,1
44.906848030116755,9.233468711402272,22.200000000000045,74.49127926952623,11.645621807675441,2.0228309923475973,0.41592201402712853,1,1
23.439360296542063,47.290549913392994,0.6500000000000341,101.86379820769672,43.56018100379728,36.06055430237051,72.75469217444694,1,1
15.277261607442075,16.298278709387947,-5.616666666666674,103.68207250907395,68.79359488317566,0.0,0.0,1,1
20.14285784644826,14.129657540868475,-41.349999999999966,39.63283810940741,48.22440068807951,0.0,0.0,1,1
29.939513096315427,59.032253425093316,-12.75,173.50988303225628,16.687346481453304,0.0,0.0,0,1
25.221694806037295,9.129880734282503,-7.699999999999932,164.94823264710254,165.6573506619521,0.0,0.0,1,1
19.990733964625818,19.00447315765419,-13.816666666666663,171.3757971849617,14.604694783643758,0.0,0.0,1,1
19.223784458032455,22.82591728715416,-23.616666666666674,26.347446712293873,65.47206756839026,0.0,0.0,1,1
13.234141453075082,46.04611516971026,-24.650000000000034,87.33614922518079,9.355373150612376,0.0,0.0,1,1
16.987062070228,59.514202319931805,-6.68333333333328,49.407952057484586,16.691369656343888,0.0,0.0,1,1
7.7046342475739396,22.233839324577147,14.916666666666742,120.9949364790309,6.6818551168165055,0.5165117931334459,1.4905367144967845,1,1
22.766819179577016,46.01621996644228,-16.116666666666674,30.62802271897631,21.324160657205205,0.0,0.0,1,1
18.154032303840616,41.854791973095615,-12.683333333333337,65.7258002096309,58.66301245398177,0.0,0.0,1,1
44.316218500930624,56.8796121451068,24.366666666666674,96.49255921463241,13.518170789298049,1.8187230574937323,2.3343206078703194,1,1
3.3414900202687168,70.96475259670193,-34.2833333333333,102.60160706584033,79.06658824891869,0.0,0.0,0,1
8.067648011932887,37.08898084337175,-8.600000000000023,89.9162698631399,3.1080628027750383,0.0,0.0,1,1
19.711481425808664,3.7275252439714635,-35.583333333333314,15.170702643511204,51.1225990113585,0.0,0.0,1,1
23.262093628906225,35.816402977158646,4.033333333333303,59.54731397111078,13.914088580411716,5.767461230307372,8.880099911692293,1,1
38.481452964021805,28.94612332516317,-12.06666666666672,30.265706891485344,2.3101616693686955,0.0,0.0,1,1
28.773487990007606,11.146810704811019,-25.73333333333329,153.23302067034385,54.874103257087384,0.0,0.0,1,1
27.576691043141615,6.929846879821915,41.64999999999998,159.08962398379617,68.95591567702489,0.6621054272062816,0.16638287826703288,1,1
28.47437932208141,52.00750212976754,7.666666666666629,26.094443953643037,3.517422394669179,3.714049476793246,6.7835872343175385,1,1
7.3350187457156615,26.802414899490774,-29.55000000000001,61.523259683141724,11.674363837979678,0.0,0.0,1,1
